Authorship;;;;;;Source of the article;;;;;;;Domain of application;;;Data;;;;;;EEG processing;;;;SVM methodology;;;;;;;;Results;;;;;;Reproducibility;;;
1st author;Country;Nb authors;Maths/eng. Authors;Neuro/med. authors;Hybrid authors;Title;Journal;Impact factor;Pages;Volume;Issue;Year;Data type;Task;Purpose;Number of subjects;Quantity of data (total nb samples/subject);Subject handling;EEG setup;Number of channels really used;Final sampling rate;Preprocessing;Artifact handling;Features;Features optimisation/selection;Kernel;Hyperparameters optimisation;Hyperparameters;Type of cross-validation;Data permutations;Train-valid-test scheme;Software;Data normalisation;Performance metrics;Best accuracy reported;Statistical testing;Comparison of results;Other classifiers;Number of equations;Dataset;Dataset name;Code;Supplementary materials
Acharya;Singapore;7;5;1;1;A Novel Depression Diagnosis Index Using Nonlinear Features in EEG Signals;European Neurology;4,387;79-83;74;44593;2015;Depression diagnosis;RSOE, RSCE;Features selection;30 (15 N, 15 depressed);2100;Inter;NS;4;256;Notch 47;Visual expert;Combination;Subset selection;NS;No;NS;NS;NS;NS;Matlab;NS;Accuracy, Sensitivity, Specificity, ROC;98;No;Reimplemented;KNN, NB, PNN, DT;1;Private;0;NS;Yes
Aguiñaga;Mexico;2;2;0;0;Emotional states recognition, implementing a low computational complexity strategy;Health Informatics Journal;1,833;146-170;24;2;2018;Emotions identification;Watch video;Features selection;32;40;Inter;NS;15;512;Laplacian filter, Highpass 05, Lowpass 47;BSS;Frequency;Coefficients;RBF, polynomial, MLP;No;NS;10;NS;NS;NS;NS;Accuracy;90,19;No;Reimplemented;RNN;14;Public;DEAP;NS;No
Alazrai;Germany;4;4;0;0;EEG-Based Emotion Recognition Using Quadratic Time-Frequency Distribution;Sensors;3,031;2739;18;8;2018;Emotions identification;Watch video;Features selection;32;40;Intra;NS;32;128;Highpass 4, Lowpass 45, AvgRef;BSS;Combination;NS;RBF;Gridsearch;NS;10;NS;NS;Libsvm;NS;Accuracy, F1;88,4;No;No;No;19;Public;DEAP;NS;No
Al-Fahad;USA;3;2;0;1;Decoding of single-trial EEG reveals unique states of functional brain connectivity that drive rapid speech categorization decisions.;Journal of neural engineering;4,551;16045;17;1;2020;Speech catagorisation;;;;;;;;;;;;;RBF;Gridsearch;Yes;10;NS;Yes;;NS;Accuracy, AUC;92;;;;0;Private;;NS;No
Al-Kaysi;Australia;7;2;5;0;Predicting tDCS treatment outcomes of patients with major depressive disorder using automated EEG classification;Journal of Affective Disorders;4,084;597-603;208;;2017;Depressed patients' reaction to tDCS;RSCE;Features selection;10;1;Inter;64 channels BrainAmp MR plus amplifier, EasyCap, Brain Products, Germany;62;2000;Highpass 05, AvgRef;ICA;Frequency;Channels combinations;NS;No;NS;LOSO;NS;NS;NS;NS;Accuracy;92;Wilcoxon signed rank test, ANOVA;Reimplemented;ELM, LDA;0;Private;0;NS;No
Al-shargie;Malaysia;4;4;0;0;Towards multilevel mental stress assessment using SVM with ECOC: an EEG approach;Medical & Biological Engineering & Computing;1,82;125-136;56;1;2018;Stress level;Mental arithmetic;Improve classification;18;1;Inter;Discovery 24E system (BrainMaster Technologies Inc., Bedford, OH);7;256;Highpass 05, Lowpass 30;ICA;Frequency;NS;NS;No;NS;NS;NS;NS;Matlab;Norm (-1, 1);Accuracy, Sensitivity, Specificity, PPV, NPV;94,79;t test;No;No;10;Private;0;NS;No
Amin;Malaysia;5;5;0;0;Classification of EEG Signals Based on Pattern Recognition Approach;Frontiers in Computational Neuroscience;2,323;;11;;2017;Stress level;RAPM, MLCT, MMT;Features selection;8 and 7;36 and See other paper;Intra;See other paper and See other paper;See other paper and 6;See other paper and 250;See other paper;See other paper;Frequency;Subset selection;NS;No;NS;10;NS;NS;NS;z-score;Accuracy, Sensitivity, Specificity, Precision, Kappa;99,11;No;Other papers;No;18;Public and private;Reference;NS;No
Andrade;Portugal;5;0;5;0;Separability of motor imagery of the self from interpretation of motor intentions of others at the single trial level: an EEG study;Journal of NeuroEngineering and Rehabilitation;3,582;63;14;1;2017;Motor imagery;Self vs other motor imagery;Improve BCI training;20;60;Intra;64 channels actiCHAMP amplifier, Brain Products, Germany;64;1000;Notch 50, Highpass 8, Lowpass 13, Baseline, Threshold;ICA;Frequency;CSP, PCA;Linear;No;NS;5;NS;NS;Matlab;NS;Accuracy;72;Permutation test;Other papers;No;2;Private;0;NS;No
Arevalillo-Herráez;Spain;4;4;0;0;Combining Inter-Subject Modeling with a Subject-Based Data Transformation to Improve Affect Recognition from EEG Signals;Sensors;3,031;2999;19;13;2019;Emotions identification;NS;Combine intra and inter subject classification;24, 5, 9, 16, 10, 7;32, 18, 16, 32, 18, 14;Intra, Inter, Combination;NS;NS;NS;NS;NS;Frequency;NS;RBF, polynomial;No;NS;NS;NS;NS;Matlab;z-score, subject normalization;Accuracy;64;Friedman test;Reimplemented;NB;1;Public;DEAP, MAHNOB-HCI, DREAMER;NS;No
Arican;Turkey;2;2;0;0;Pairwise and variance based signal compression algorithm (PVBSC) in the P300 based speller systems using EEG signals;Computer Methods and Programs in Biomedicine;3,424;149-157;176;;2019;P300 speller;P300 speller;Features selection;2;185;Intra;NS;8;240;Highpass 01, Lowpass 20;NS;Other;Data compression;RBF;Toolbox;NS;10;NS;Yes;Toolbox 1,8 De Brabenter;z-score;Accuracy;91,125;Confidence interval;Reimplemented;LDA;22;Public;Dataset II BCI Competition III;NS;No
Arsalan;Pakistan;4;4;0;0;Classification of Perceived Mental Stress Using A Commercially Available EEG Headband;IEEE Journal of Biomedical and Health Informatics;4,217;2257-2264;23;6;2019;Stress level;RSOE;Features selection;28;1;Inter;Interaxon Muse headband;5;256;Threshold on stat properties (mean power, STD, maxAmp, STDAmp, kurtosisAmp, skewnessAmp);On board noise cancellation with threshold;Combination;Subset selection;Polynomial;No;C=1;10;1000;NS;NS;NS;Accuracy, F1, Kappa;67,85;NS;Reimplemented;NB, MLP;0;Available;0;NS;No
Arvaneh;Singapore;3;3;0;0;Optimizing the Channel Selection and Classification Accuracy in EEG-Based BCI;IEEE Transactions on Biomedical Engineering;4,491;1865-1873;58;6;2011;Motor imagery;LH/RH motor imagery, F/RH motor imagery;Improve channel selection;9, 5;288, 280;Intra;NS;22, 118;NS;Highpass 8, Lowpass 35;NS;Frequency;RCSP;RBF;Gridsearch;NS;NS;NS;NS;NS;NS;Accuracy;82,28;t test;No;No;13;Public;Dataset IIa BCI Competition IV, Dataset Iva BCI Competition III;NS;No
Aslam;Pakistan;2;2;0;0;An On-Chip Processor for Chronic Neurological Disorders Assistance Using Negative Affectivity Classification.;IEEE transactions on biomedical circuits and systems;4,042;838--851;14;4;2020;;;;;;;;;;;;;;Linear, RBF;No;NS;LOO;NS;NS;;Yes;Accuracy, Sensitivity, Specificity;73,14;;;;19;Public;DEAP, SEED;NS;No
Aydemir;Turkey;2;2;0;0;A robust and subject-specific sequential forward search method for effective channel selection in brain computer interfaces;Journal of Neuroscience Methods;2,785;60-67;313;;2019;Motor imagery;LH/RH motor imagery, up/down cursor imagery;Improve channel selection;29, 1;60, 561;Intra;NS;30, 6;200, 256;NS;NS;Frequency;RSS-SFSM channel selection;NS;No;NS;k;100;NS;NS;NS;Accuracy;91,12;No;Other papers;No;11;Public;Reference, Dataset Ia BCI Competition II;NS;No
Aydin;Turkey;3;0;3;0;The impact of musical experience on neural sound encoding performance;Neuroscience Letters;2,18;124-128;694;;2019;Musical experience;Listen to musical piano chords;Data insights;36;NS;Inter;Neuroscan Quick Cap (Neuroscan, Synamps 64, USA);64, 13, 6;NS;Highpass 05, Lowpass 48, Notch 50;NS;Combination;Subset selection;RBF, Gaussian;Toolbox;NS;10;NS;NS;Matlab 2018b;NS;Accuracy;99,81;ANOVA;Reimplemented;NB;0;Private;0;NS;No
Aydin;Turkey;4;3;1;0;Classification of Obsessive Compulsive Disorder by EEG Complexity and Hemispheric Dependency Measurements;International Journal of Neural Systems;6,507;1550010;25;3;2015;OCD;RSCE;Features selection;20;NS;Inter;Neuroscan Synamps II (Neuroscan Products, Compumedics, USA);19;250;Highpass 05, Lowpass 70, Notch 50, Threshold;Visual expert;Frequency;Subset selection;RBF;Gridsearch;NS;2;20;NS;NS;NS;Accuracy, Sensitivity, Specificity, Precision, F1;85;AUC;No;No;13;Private;0;NS;No
Bae;South Korea;4;2;1;1;Automated network analysis to measure brain effective connectivity estimated from EEG data of patients with alcoholism;Physiological Measurement;2,246;759-773;38;5;2017;Alcoholism diagnosis;Watch pictures;Features selection;60;NS;Inter;ECI Electrocap International, Eaton, OH, USA;64;256;Laplacian filter, AvgRef;NS;Frequency;Subset selection;Linear, polynomial, RBF;No;NS;4;NS;NS;NS;NS;Accuracy;90;t test;No;No;8;Public;Reference;NS;No
Bak;Denmark;9;1;8;0;Two subgroups of antipsychotic-naive, first-episode schizophrenia patients identified with a Gaussian mixture model on cognition and electrophysiology.;Translational psychiatry;5,182;e1087;7;4;2017;Schizophrenia sub-groups;Copenhagen Psychophysiology Test Battery;Data insights;44;1;Inter;Biosemi Hardware (Amsterdam, The Netherlands);64;NS;See Supplementary material;See supplementary material;Other;NS;Linear;No;C=100;LOO;NS;NS;Matlab 2013a;NS;Accuracy;74,3;Permutation test;No;No;0;Private;0;Upon request;Yes
Balan;Romania;5;5;0;0;Fear Level Classification Based on Emotional Dimensions and Machine Learning Techniques;Sensors;3,031;1738;19;7;2019;Fear level;Watch video;Comparison of classification algorithms;32;40;Intra;NS;32;128;NS;NS;Combination;Fischer selection, PCA, SFS;RBF;No;NS;3;NS;NS;NS;NS;Accuracy, F1;85,81;No;Reimplemented;4 deep NN, stochastic, LDA, RF, KNN;0;Public;DEAP;NS;No
Bamatraf;Saudi Arabia;9;9;0;0;A System for True and False Memory Prediction Based on 2D and 3D Educational Contents and EEG Brain Signals;Computational Intelligence and Neuroscience;2,154;44866;2016;;2016;2D vs 3D content memory;Learning and Recall educational content;Data insights;68;200;All;Geodesic Hydrocel 128 channels;93;250;Highpass 1, Lowpass 48;Visual expert, Gratton and Coles method;Other;Subset selection;RBF, polynomial;Gridsearch;NS;10;10;NS;Libsvm;NS;Accuracy;100;AUC;No;No;1;Private;0;NS;No
Barayeu;Belarus;4;2;2;0;Robust Single-Trial EEG-Based Authentication Achieved with a 2-Stage Classifier.;Biosensors;3,24;124;10;9;2020;;;;;;;;;;;;;;RBF;Kernel autoscaling;NS;5;NS;Yes;;Yes;Accuracy, AUC, FAR, FRR;95,64;;;;7;Public;EEG Motor Movement/Imagery Dataset (PhysioNet databank);Github;Yes
Bashashati;Canada;4;3;1;0;Comparing Different Classifiers in Sensory Motor Brain Computer Interfaces;PloS one;2,776;e0129435;10;6;2015;Motor imagery;LH/RH/F motor imagery, LH/RH/F/Tongue motor imagery, LH/RH motor imagery, LH/RH motor imagery, Switch activation motor imagery;Comparison of classification algorithms;4, 9, 9, 3, 4;200, NS, NS, NS, NS;Intra;NS;59, 22, 3, 2, 10;NS;Filterbank, CSP;NS;Frequency;NS;RBF;Gridsearch;NS;5;5;NS;NS;NS;AUC;71,88;Friedman test + Holm posthoc;Reimplemented;LDA, LR, RF, MLP, QDA, boosting algorithm;3;Public;Dataset I BCI Competition IV, Dataset IIa BCI Competition IV, Dataset IIb BCI Competition IV, Dataset III BCI Competition III, SM2;Github;No
Batbat;Turkey;3;2;1;0;Evaluation of divided attention using different stimulation models in event-related potentials;Medical & Biological Engineering & Computing;1,82;2069-2079;57;9;2019;Divided attention;Visual oddball, Auditory odball, Audiovisual oddball;Data insights;48;75;Intra;Biopac MP150 system (Biopac systems, Santa Barbara, CA, USA);4;250;Highpass 01, Lowpass 30;NS;Combination;Subset selection;RBF;No;NS;10;NS;NS;WEKA;NS;Accuracy, Precision;88,89;Kappa;Reimplemented;MLP, LDA;8;Private;0;NS;No
Betrouni;France;8;0;8;0;Electroencephalography?based machine learning for cognitive profiling in Parkinson's disease: Preliminary results;Movement Disorders;8,222;210-217;34;2;2019;Parkinson categories;RSOE;Data insights;118;1;Inter;Waveguard, ANT software BV, Enschede, The Netherlands;128;512;Notch 50, AvgRef;Gratton and Cole + semi-AAR;Other;Correlation selection;RBF;No;NS;5;5;Yes;Libsvm;z-score;Accuracy;84;No;Reimplemented;KNN, NB, PNN, DT;0;Private;0;NS;No
Bian;China;6;6;0;0;Improvements in event-related desynchronization and classification performance of motor imagery using instructive dynamic guidance and complex tasks;Computers in Biology and Medicine;2,286;266-273;96;;2018;Motor imagery;S-SW, S-DV, c-DV, C-DAV;Improve BCI training;11;200;Intra;Neuroscan Synamps II (Neuroscan Products, Compumedics, USA);64;200;Highpass 05, Lowpass 40, Baseline, AvgRef;Visual expert;Frequency;CSP;NS;No;NS;10;10;NS;Libsvm;NS;Accuracy;89,45;No;No;No;7;Private;0;NS;No
Binias;Poland;3;3;0;0;A Machine Learning Approach to the Detection of Pilot’s Reaction to Unexpected Events Based on EEG Signals;Computational Intelligence and Neuroscience;2,154;44805;2018;;2018;Monitoring aircraft pilots;VSSR;Neurofeedback;10;NS;Intra;Emotiv EPOC+;14;128;Notch 50, Highpass 016, Lowpass 43, CSP;NS;Frequency;Subset selection;RBF;Gridsearch;Yes;3;NS;Yes;Matlab;z-score;Accuracy;69,32;ANOVA;Reimplemented;LDA, KNN, RF, ANN;4;Private;0;NS;No
Bocincova;USA;2;0;2;0;The time course of encoding and maintenance of task-relevant versus irrelevant object features in working memory;Cortex;4,314;196-209;111;;2019;Working memory (relevant vs. odd);Working memory task;Data insights;12;NS;Intra;64 channels Biosemi Active Two;64;256;Highpass 4, Lowpass 34, Threshold;Automatic Artifact Detection;Frequency;SVM;NS;No;NS;10;10;Yes;Libsvm with Matlab;NS;Accuracy;91,4;ANOVA;No;No;0;Private;0;NS;Preregistered method
Bojorges-Valdez;Mexico;3;3;0;0;Evaluation of the continuous detection of mental calculation episodes as a BCI control input;Computers in Biology and Medicine;2,286;155-162;64;;2015;Mental calculation detection;Mental computation, RSOE;Improve BCI training;15;NS;Intra;g.USBamp system (g.tec medical engineering, Austria);4;512;Highpass 01, Lowpass 40, AvgRef, Notch 60;NS;Frequency;Subset selection;NS;No;NS;20;NS;Yes;Libsvm;NS;AUC;88;NS;No;No;2;Private;0;NS;No
Bosch;Chile;4;4;0;0;Mining EEG with SVM for Understanding Cognitive Underpinnings of Math Problem Solving Strategies;Behavioural Neurology;0,96;42005;2018;;2018;Calculus strategy identification;Solve 20 math problems;Data insights;14;20;All;64 channels Geodesic Sensor Net (EGI, USA);61;1000;AvgRef, Baseline;NS;Frequency;Fischer selection, RFE-SVM;NS;Gridsearch;NS;nested;NS;NS;Libsvm;NS;Accuracy;68,2;NS;Reimplemented;TB-SVM, epsilon-SOCP;18;Private;0;NS;Yes
Browarczyk;Poland;3;3;0;0;Analyzing the Effectiveness of the Brainâ€“Computer Interface for Task Discerning Based on Machine Learning;Sensors;3,031;2403;20;8;2020;;;;;;;;;;;;;;Linear;No;Yes;10;NS;Yes;;NS;Accuracy, Recall, Precision, F1score;65,81;;;;3;Public;DEAP;Available;No
Cai;China;5;4;0;1;Study on Feature Selection Methods for Depression Detection Using Three-Electrode EEG Data;Interdisciplinary Sciences: Computational Life Sciences;1,418;558-565;10;3;2018;Depression diagnosis;RSCE;Features selection;265;NS;Inter;NS;3;NS;NS;NS;Other;WrapperSubsetEvaluation, CorrelationAttributeEvaluation, GainRatioAttributeEvaluation, PCA;NS;No;NS;10;NS;NS;NS;NS;Accuracy;71,2;NS;Reimplemented;KNN, NS, DT, LR, RF;0;Private;0;NS;No
Cao;Australia;6;0;3;3;Exploring resting-state EEG complexity before migraine attacks;Cephalalgia;4,438;1296-1306;38;7;2018;Migraine prediction;RSCE, RSOE;Data insights;80;1;All;Mindo-4S (Hsinchu, Taïwan);4;250;Highpass 1, Lowpass 30;ACR;Other;NS;Linear, RBF;No;NS;3;NS;NS;Libsvm;NS;Accuracy, Recall, Precision, F1;76;ANOVA+Tukey posthoc;Reimplemented;LDA, NB, KNN, MLP;0;Private;0;NS;No
Castelhano;Portugal;5;0;5;0;Stimulus dependent neural oscillatory patterns show reliable statistical identification of autism spectrum disorder in a face perceptual decision task;Clinical Neurophysiology;3,614;981-989;129;5;2018;TSA diagnosis;Watching faces pictures;Data insights;26;NS;Inter;40-channel NuAmps Quick Cap (Neuroscan Inc., El Paso, TX, USA);30;1000;Highpass 1, Lowpass 90, Baseline, Threshold, AvgRef;AAR, ICA;Frequency;Subset selection;Linear;Yes;NS;3;1000;NS;Libsvm with Matlab 2013a;z-score;Accuracy, Specificity, Sensitivity, AUC;85;NS;No;No;0;Private;0;NS;Yes
Chen;China;3;3;0;0;Assessment of driver drowsiness using electroencephalogram signals based on multiple functional brain networks;International Journal of Psychophysiology;2,882;120-130;133;;2018;Driving drowsiness detection;Driving task;Features selection;15;120;Intra;40-channel NuAmps Quick Cap (Neuroscan Inc., El Paso, TX, USA);30;1000;Highpass 001, Lowpass 70;Visual expert, Regression analysis;Frequency;Kruskal algorithm;RBF;No;NS;k;NS;NS;Matlab 2017a;NS;Accuracy, Sensitivity, Specificity, Precision;95,1;NS;Reimplemented;KNN, LR, DT;5;Private;0;NS;No
Chen;China;4;4;0;0;Exploring the fatigue affecting electroencephalography based functional brain networks during real driving in young males;Neuropsychologia;2,888;200-211;129;;2019;Driving drowsiness detection;Driving task;Data insights;14;72;All;Emotiv EPOC;14;128;NS;NS;Frequency;NS;NS;No;NS;10;NS;NS;NS;NS;Accuracy, Specificity, Sensitivity, False alarm rate;94,4;NS;No;NS;14;Private;0;NS;No
Chen;China;3;3;0;0;Enabling fast brain-computer interaction by single-trial extraction of visual evoked potentials.;Journal of Medical Systems;2,415;1323-31;35;5;2011;P300 speller;Visual target;Interaction with robots;1;168;Intra;HP4400 BOXCAR;4;427;Baseline, Threshold;Threshold;Other;NS;RBF;No;NS;NS;NS;NS;OSU Matlab toolbox;Energy normalization;Accuracy;98,8;NS;No;NS;9;Private;0;NS;No
Choi;South Korea;2;1;1;0;Covert Intention to Answer “Yes” or “No” Can Be Decoded from Single-Trial Electroencephalograms (EEGs);Computational Intelligence and Neuroscience;2,154;44866;2019;;2019;Yes/No response prediction;Answer questions;Data insights;23;200;Intra;64-channel EasyCap, FMS, Munich, Germany;29;500;Notch 60, Highpass 003, Lowpass 100, Baseline;Visual expert, ICA;Frequency;CSP;RBF;Trial/error;NS;10;10;NS;NS;NS;Accuracy;86,03;NS;No;NS;5;Private;0;NS;Yes
Costa;Spain;7;5;2;0;Decoding the Attentional Demands of Gait through EEG Gamma Band Features;PloS one;2,776;e0154136;11;4;2016;BCI walking rehabilitation;Treadmill + 4 attention tasks;Data insights;15;3840;Intra;g.GAMMAcap, g.Tec, GmbH, Austria;32;1200;Notch 50, Highpass 05, Lowpass100, Threshold;Interpolation, Visual expert;Frequency;Battacharyya distance;RBF;Previous work;C=512, sigma = 0,002;8;NS;NS;NS;NS;Accuracy;66,98;Müller-Putz method;Reimplemented;NB, DT, LDA, KNN;5;Private;0;NS;No
Das;USA;3;0;3;0;Predicting variations of perceptual performance across individuals from neural activity using pattern classifiers;NeuroImage;5,812;1425-1437;51;4;2010;Prediction of perceptual performance;Watch faces and cars pictures;Comparison of classification algorithms;20;1000;All;NS;64;512;Baseline, Highpass 001, Lowpass 100, Threshold;Visual expert;Other;NS;Linear;No;NS;10;10;NS;NS;NS;AUC;69,73;Pearson's linear correlation, Spearman rank correlation;Reimplemented;CPCA, LDA;7;Private;0;NS;No
Ding;China;6;3;3;0;Classifying major depression patients and healthy controls using EEG, eye tracking and galvanic skin response data;Journal of Affective Disorders;4,084;156-161;251;;2019;Depression diagnosis;Watch videos;Data insights;348;1;Inter;MUSE EEG headband (InteraXon, Ontario, Canada);4;220;Highpass 2, Lowpass 36, Notch 50, Threshold;NS;Frequency;NS;NS;No;NS;0;NS;NS;NS;NS;Accuracy, Recall, Precision, F1;77,52;NS;Reimplemented;RF, LR;0;Private;0;NS;No
Ding;China;5;5;0;0;Measurement and identification of mental workload during simulated computer tasks with multimodal methods and machine learning.;Ergonomics;2,19;896--908;63;7;2020;Workload level;;;;;;;;;;;;;NS;No;NS;10;NS;NS;;z-score;Accuracy, Recall, Precision;96,4;;;;3;Private;0;NS;No
Dong;South Korea;3;3;0;0;EEG-Based Classification of Implicit Intention During Self-Relevant Sentence Reading;IEEE Transactions on Cybernetics;10,387;2535-2542;46;11;2016;P300 lie detector;Agree or disagree while reading sentences;Data insights;9;74;All;BrainCap (Brain Products, GmbH, Germany);32;500;Notch 60, Highpass 1, AvgRef;ICA, Visual expert;Frequency;Fischer selection;Linear, RBF;Gridsearch;NS;5;NS;Yes;Libsvm;NS;Accuracy;75,5;NS;No;No;1;Private;0;NS;No
Dong;China;6;6;0;0;Classification of multi-class motor imagery with a novel hierarchical SVM algorithm for brain–computer interfaces;Medical & Biological Engineering & Computing;1,82;1809-1818;55;10;2017;Motor imagery;LH, RH, F, Tongue;Features selection;1;288;Intra;NS;22;250;Highpass 3, Lowpass 34;NS;Frequency;CSP + OVO/OVR;RBF;Gridsearch;NS;5;NS;NS;Libsvm;NS;Accuracy;64,4;NS;No;No;25;Public;Dataset IIa BCI Competition IV;NS;No
Eldeeb;USA;6;6;0;0;EEG-based trial-by-trial texture classification during active touch.;Scientific Reports;4,122;20755;10;1;2020;Touch texture;;;;;;;;;;;;;Linear, RBF, polynomial;No;NS;10;NS;NS;;Yes;Accuracy, Sensitivity;84;Permutation test;;;3;Private;0;NS;Yes
Fan;China;5;0;5;0;Assessment of mental workload based on multi-physiological signals.;Technology and Health Care;0,787;67--80;28;S1;2020;Workload level;;;;;;;;;;;;;Polynomial, RBF, sigmoïde;Gridsearch;Yes;k;NS;Yes;;Yes;Accuracy;80;;;;1;Private;0;NS;No
Fu;China;4;4;0;0;Intentions Recognition of EEG Signals with High Arousal Degree for Complex Task.;Journal of Medical Systems;2,415;110;44;6;2020;Intentions identification;;;;;;;;;;;;;Gaussian;No;Yes;10;NS;NS;;Yes;Accuracy, AUC;98,57;;;;16;Private;0;NS;No
Gao;China;10;1;7;2;Exploring time- and frequency- dependent functional connectivity and brain networks during deception with single-trial event-related potentials;Scientific Reports;4,122;37065;6;1;2016;P300 lie detector;Tell truth or lie;Data insights;32;NS;Intra;32 channels Synamps amplifier (Neuroscan, Charlotte, NC, USA);12;500;Threshold;Autoregressive model;Frequency;NS;RBF;Gridsearch;NS;10;NS;NS;NS;NS;Accuracy;94,61;NS;No;No;0;Private;0;NS;No
Gao;China;6;6;0;0;Characterization of SSMVEP-based EEG signals using multiplex limited penetrable horizontal visibility graph;Chaos: An Interdisciplinary Journal of Nonlinear Science;2,643;73119;29;7;2019;SSMVEP;SSMVEP;Data insights;10;40;Intra;64 channels EEGCap, Synamps 2, Neuroscan;8;1000;Notch 50, Highpass 1, Lowpass 40;ICA;Other;NS;NS;No;NS;NS;NS;NS;NS;NS;Accuracy;87,88;t test;No;No;10;Private;0;NS;No
Gram;Denmark;4;0;4;0;Machine learning on encephalographic activity may predict opioid analgesia;European Journal of Pain;3,188;1552-1561;19;10;2015;Opioid analgesia reaction;RSOE, tonic pain;Data insights;39;1;Intra;62-channel cap (Quick Cap International, Neuroscan, El Paso, TX, USA);62;NS;AvgRef, Notch 50, Highpass 1, Lowpass 70;Interpolation, Visual expert;Frequency;Joint MI;Linear;No;C=1;LOSO;NS;NS;Libsvm with Matlab 2012a;NS;Accuracy;72;NS;No;No;0;Private;0;NS;No
Gu;China;6;4;2;0;EEG-based Classification of Lower Limb Motor Imagery with Brain Network Analysis.;Neuroscience;3,244;93--109;436;;2020;Motor imagery;;;;;;;;;;;;;RBF;No;NS;10;100;NS;;Yes;Accuracy;75;Permutation test;;;4;Private;0;NS;No
Guo;China;3;3;0;0;An auditory brain-computer interface using active mental response.;IEEE transactions on neural systems and rehabilitation engineering;3,478;230-5;18;3;2010;Auditory selection of numbers;Digit sequences, voice sequences;Data insights;14;NS;Intra;Electrocap (Neuroscan);30;20;Highpass 1, Lowpass 10, Baseline;NS;Raw;NS;NS;No;NS;5;NS;NS;Matlab;NS;Accuracy;85;NS;No;No;0;Private;0;NS;No
Gursel Ozmen;Turkey;3;2;1;0;A Biologically Inspired Approach to Frequency Domain Feature Extraction for EEG Classification;Computational and Mathematical Methods in Medicine;1,018;44835;2018;;2018;Mental tasks discrimination (rest, mental calculation, right hand imagery, left hand imagery, letter A visualisation);RS, mental computation, LH, RH, letter;Features selection;6;1000;Intra;64 channel Biosemi Active Two;4;512;Lowpass 50;NS;Frequency;NS;RBF;No;NS;4;100;NS;NS;NS;Accuracy;91,85;NS;Reimplemented;LDA;2;Private;0;NS;No
Höller;Austria;13;1;12;0;Combining SPECT and Quantitative EEG Analysis for the Automated Differential Diagnosis of Disorders with Amnestic Symptoms;Frontiers in Aging Neuroscience;4,504;;9;;2017;Differential diagnosis of amnesiac pathologies;RSCE;Brain-imagery (SPECT-EEG);220;NS;Inter;10-20 Stellate Harmonic Routine EEG system (Natus);17;200;Highpass 2, Lowpass 80;NS;Other;Subset selection;Linear;No;NS;10;NS;Yes;Matlab 2016b;NS;Accuracy, Sensitivity, Specificity;100;t test, Wilcoxon signed rank test, Fischer discriminant+Bonferroni posthoc;No;No;1;Private;0;NS;No
Hou;China;3;3;0;0;Odor-induced emotion recognition based on average frequency band division of EEG signals;Journal of Neuroscience Methods;2,785;108599;334;;2020;Emotions identification;Smell 13 odors;Features selection;11;NS;All;Cerebus System (Blackrock, Microsystems, USA);30;1000;Highpass 05, Lowpass 70;NS;Frequency;NS;RBF;Gridsearch;NS;2;10;NS;NS;NS;Accuracy, Precision, Recall, F1;98,9;Kappa;Reimplemented;KNN, NB, V-ELM, BPNN;8;Private;0;NS;No
Houmani;France;7;3;3;1;Diagnosis of Alzheimer’s disease with Electroencephalography in a differential framework;PloS one;2,776;e0193607;13;3;2018;Alzheimer's disease diagnosis;RSOE;Features selection;169;1;Inter;NS;30;256;NS;NS;Other;OFR+Random probe method;Polynomial;No;NS;LOSO;NS;NS;NS;z-score;Accuracy;91,6;NS;No;No;7;Private;0;NS;No
Hsu;Taïwan;1;1;0;0;Continuous EEG signal analysis for asynchronous BCI application.;International journal of neural systems;6,507;335-50;21;4;2011;Motor imagery;Lfinger, Rfinger, rest;Features selection;5;240;Intra;NS;13;256;Highpass 8, Lowpass 30;ICA, Correlation coefficient;Other;NS;Polynomial;No;NS;NS;NS;NS;NS;NS;Accuracy, Sensitivity, Specificity, AUC, Recognized accuracy;88,6;NS;No;No;11;Private;0;NS;No
Hu;China;2;2;0;0;Automated detection of driver fatigue based on EEG signals using gradient boosting decision tree model;Cognitive Neurodynamics;2,42;431-440;12;4;2018;Driving drowsiness detection;Driving task;Comparison of classification algorithms;22;300;Intra;NS;32;1000;Highpass 015, Lowpass 45;NS;Other;NS;RBF;No;C=1, sigma = 2;10;NS;NS;NS;Norm(0, 1);Accuracy;80;NS;Reimplemented;KNN, NN, GBDT;0;Private;0;NS;No
Iacoviello;Italy;4;1;3;0;A real-time classification algorithm for EEG-based BCI driven by self-induced emotions;Computer Methods and Programs in Biomedicine;3,424;293-303;122;3;2015;Emotions identification;RSCE, Remember disgusting odor;Features selection;10;200;Intra;wireless ENOBIO EEG/ERP acquisition system (ENOBIO NE);8;500;Highpass 1, Lowpass 46;NS;Other;PCA;RBF;No;NS;10;NS;Yes;Libsvm 3.18;z-score;Accuracy;90,2;NS;No;No;9;Private;0;NS;No
Iacoviello;Italy;4;1;3;0;A Classification Algorithm for Electroencephalography Signals by Self-Induced Emotional Stimuli;IEEE Transactions on Cybernetics;10,387;3171-3180;46;12;2016;Emotions identification;RSCE, Remember disgusting odor;Features selection;10;200;Intra;wireless ENOBIO EEG/ERP acquisition system (ENOBIO NE);8;500;Highpass 1, Lowpass 46;NS;Frequency;PCA;RBF;Gridsearch;NS;10;NS;Yes;Libsvm 3.19;z-score;Accuracy;;NS;Other papers;No;9;Private;0;NS;No
Ibrahim;Malaysia;3;3;0;0;A Novel Approach for Classifying Native Chinese and Malay Speaking Persons According to Cortical Auditory Evoked Responses;The Journal of International Advanced Otology;0,735;87-93;15;1;2019;Discrimination between Chinese speakers/Malay speakers;Listen to vowels;Comparison of classification algorithms;17;NS;Inter;wireless ENOBIO EEG/ERP acquisition system (ENOBIO NE);4;500;Highpass 2, Lowpass 40;NS;Other;NS;RBF;No;NS;4;NS;Yes;NS;NS;Accuracy;84;NS;No;No;1;Private;0;NS;No
Ieracitano;Italy;4;3;1;0;A novel multi-modal machine learning based approach for automatic classification of EEG recordings in dementia;Neural Networks;7,197;176-190;123;;2020;AD and MCI diagnosis;RSCE;Data insights;1889;NS;Inter;NS;19;NS;Notch 50, Highpass 05, Lowpass 32;Visual expert;Frequency;NS;NS;No;NS;3;10;NS;NS;NS;Accuracy, Precision, Recall, F1;91,88;NS;Reimplemented;MLP, AE, LR;14;Private;0;NS;No
Islam;Japan;3;3;0;0;Multiband tangent space mapping and feature selection for classification of EEG during motor imagery;Journal of Neural Engineering;4,551;46021;15;4;2018;Motor imagery;LH, RH, F, idle/LH, RH, F, Tongue/LH, RH/LH, RH, F, Tongue;Features selection;5, 3, 2, 9;400, 240, 540, 288;Intra;NS;29, 60, NS, 22;128, 250, 125, 250;Notch 50, Highpass 7, Lowpass 30;CSP;Other;MI, PCA, ANOVA;Linear;No;NS;NS;NS;NS;NS;NS;Accuracy;86,54;NS;No;No;23;Public;JK-HH1, Dataset IIIa BCI Competition III, Dataset IIIb BCI Competition III, Dataset IIa BCI Competition IV;NS;No
Jahmunah;Singapore;7;5;1;1;Automated detection of schizophrenia using nonlinear signal processing methods;Artificial Intelligence in Medicine;3,574;101698;100;;2019;Schizophrenia diagnosis;RSCE;Features selection;28;NS;Inter;32 channel SynAmps (Neuroscan);19;250;NS;NS;Other;NS;RBF, polynomial 1st, 2nd, 3rd order;No;NS;10;NS;Yes;NS;NS;Accuracy, Sensitivity, Specificity, PPV;92,91;NS;Reimplemented;DT, LDA, KNN, PNN;0;Private;0;NS;No
Jahromy;Iran;3;0;0;3;Statistical algorithms for emotion classification via functional connectivity;Journal of Integrative Neuroscience;1,139;293;18;3;2019;Emotions identification;Watch video;Data insights;32;40;All;32 channel Biosemi;32;256;NS;NS;Other;NS;Linear;No;NS;NS;NS;NS;NS;NS;Accuracy;68,3;NS;No;No;4;Public;DEAP;NS;No
Jawed;Malaysia;4;3;1;0;Classification of Visual and Non-visual Learners Using Electroencephalographic Alpha and Gamma Activities;Frontiers in Behavioral Neuroscience;3,104;;13;;2019;Discrimination between visual and non-visual learners;Watch video, RAPM;Data insights;34;NS;Inter;128 HydroCel EGI;128;250;05-48, Elim bad channels;Surrogate model BESA software;Frequency;PCA;Linear;No;NS;10;NS;NS;NS;NS;Accuracy;100;NS;Reimplemented;KNN;3;Private;0;NS;No
Ji;China;4;4;0;0;EEG Signals Feature Extraction Based on DWT and EMD Combined with Approximate Entropy;Brain Sciences;15,071;201;9;8;2019;Motor imagery;Cursor moving;Features selection;9;NS;Intra;NS;3;250;N50, 8-32;NS;Other;NS;Chosen by gridsearch;Gridsearch;NS;NS;NS;NS;NS;NS;Accuracy;95,1;NS;No;No;12;Public;Dataset IIb BCI Competition IV;NS;No
Jin;China;6;5;0;1;Correlation-based channel selection and regularized feature optimization for MI-based BCI;Neural Networks;7,197;262-270;118;;2019;Motor imagery;Cursor moving, LH/RH, LH/RH;Features selection;7, 5, 3;200, 280, variable;Intra;NS;59, 118, 60;100, 100, 250;août-30;NS;Other;regularizedCSP;RBF;No;C=1, sigma=1;10;NS;NS;Libsvm;NS;Accuracy;91,9;NS;No;No;10;Public;Dataset I BCI Competition IV, Dataset IVa BCI Competition III, Dataset IIIa BCI Competition III;NS;No
Jo;South Korea;2;2;0;0;Prediction of Visual Memorability with EEG Signals: A Comparative Study.;Sensors;3,031;2694;20;9;2020;Media content memory;;;;;;;;;;;;;RBF;No;Yes;10;NS;NS;;NS;Accuracy, Sensitivity, Specificity;65;;;;6;Private;0;NS;No
Joadder;Bangladesh;4;4;0;0;A performance based feature selection technique for subject independent MI based BCI;Health Information Science and Systems;4,5;15;7;1;2019;Motor imagery;RF/RH;Features selection;5;280;Intra;NS;118;100;août-30;NS;Combination;Subset selection;NS;No;NS;LOSO;NS;NS;Matlab 2018b;NS;Accuracy;99;NS;Reimplemented;LDA, KNN, DT;11;Public;Dataset IVa BCI Competition III;NS;No
Jochumsen;Denmark;6;0;6;0;Classification of Hand Grasp Kinetics and Types Using Movement-Related Cortical Potentials and EEG Rhythms;Computational Intelligence and Neuroscience;2,154;44774;2017;;2017;Motor imagery;Detection of movement intention;Features selection;29;NS;All;33 channels QuickCap, Neuroscan, NuAmps Express, Compumedics, Neuroscan;25;500;005-45, threshold;NS;Combination;Subset selection;Linear;No;NS;10;NS;NS;NS;NS;Accuracy;multiclass;NS;Reimplemented;LDA;0;Private;0;NS;No
Jochumsen;Denmark;6;4;1;1;Comparison of spatial filters and features for the detection and classification of movement-related cortical potentials in healthy individuals and stroke patients;Journal of Neural Engineering;4,551;56003;12;5;2015;Motor imagery;4 type of palmar grasp;Features selection;30;NS;All;32 channels QuickCap, Neuroscan, NuAmps Express, Compumedics, Neuroscan;9;500;005-10, 4 spatial filters;NS;Combination;Subset selection;Linear;No;NS;LOO;NS;NS;NS;NS;Accuracy;82;ANOVA;No;No;1;Private;0;NS;No
Jochumsen;Denmark;5;4;0;1;Detecting and classifying movement-related cortical potentials associated with hand movements in healthy subjects and stroke patients from single-electrode, single-trial EEG;Journal of Neural Engineering;4,551;56013;12;5;2015;Motor imagery;4 type of palmar grasp;Data insights;20;4;All;EEG amplifiers, NuAmps Express, Neuroscan 9elecs;1;500;005-10, threshold;NS;Other;NS;Linear;No;NS;3;NS;Yes;NS;NS;Accuracy;75;ANOVA + Tukey posthoc;No;No;1;Private;0;NS;No
Jrad;China;7;3;0;4;TITRE ET REF A CHANGER;Journal of neural engineering;4,551;56004;8;5;2011;P300 speller + SSVEP;P300, SSVEP;Improve BCI training;12;50;Inter;34 channels QuickCap, Neuroscan, NuAmps Express, Compumedics, Neuroscan;10, 8;250;01-10, 4-20;NS;Frequency;NS;NS;No;NS;NS;NS;NS;NS;NS;Accuracy;80,71;NS;No;No;5;Private;0;NS;No
Kakkos;Greece;5;5;0;0;A condition-independent framework for the classification of error-related brain activity;Medical & Biological Engineering & Computing;1,82;573-587;58;3;2020;ERP errors identification;Error related ERPs, Audiostim;Data insights;12;80;All;Biosemi ActiveTwo System, 32 channels;7;256;005-35, AvgRef, Baseline;Visual expert;Other;Subset selection;Linear, RBF, quadratic, MLP, polynomial;No;NS;LOSO;NS;NS;NS;NS;Accuracy, Sensitivity, Specificity;96;NS;Reimplemented;LDA, KNN;9;Private;0;NS;Yes
Kalatzis;Greece;6;4;2;0;Design and implementation of an SVM-based computer classification system for discriminating depressive patients from healthy controls using the P600 component of ERP signals.;Computer methods and programs in biomedicine;3,424;44866;75;1;2004;Depression diagnosis;P600 Digitspan Weschlertest;Features selection;50;NS;Inter;NS;15;500;NS;NS;Other;Subset selection;Linear, RBF, polynomial;Yes;C = 500, sigma = 0,45;LOSO;NS;NS;NS;NS;Accuracy, Sensitivity, Specificity;94;NS;No;No;18;Private;0;NS;No
Ke;China;9;9;0;0;Towards an effective cross-task mental workload recognition model using electroencephalography based on feature selection and support vector machine regression;International Journal of Psychophysiology;2,882;157-166;98;2;2015;Workload level;Cross task mental workload recognition;Features selection;NS;NS;All;Neuroscan NuAmps 40 channels QuickCap;30;1000;NS;Visual expert, ICA;Frequency;RFE;Linear;No;NS;;NS;Yes;Libsvm with Matlab;Z-score;F1;87;ANOVA, t-tests;No;No;0;Private;0;NS;No
Ketenci;Turkey;2;2;0;0;Investigation of Theta Rhythm Effect in Detection of Finger Movement;Journal of Experimental Neuroscience;2,55;1,17907E+14;13;;2019;Motor imagery;RH alpha fingers extension;Features selection;4;500;All;Brain-Quick 32;19;250;N50, AvgRef, Laplacian;NS;Frequency;PCA, H jorth parameters;NS;No;NS;2;50;NS;Matlab;NS;Accuracy;80,7;NS;No;No;11;Private;0;NS;No
Khatun;USA;3;3;0;0;A Single-Channel EEG-Based Approach to Detect Mild Cognitive Impairment via Speech-Evoked Brain Responses;IEEE Transactions on Neural Systems and Rehabilitation Engineering;3,478;1063-1070;27;5;2019;MCI diagnosis;MCI detection 5 auditory speech;Data insights;23;1;Inter;SynAmps RT-EEG Amplifiers Compumedics Neuroscan;1;20000;Baseline, 005-30, GA;Threshold;Combination;RF, Top25;RBF;Gridsearch;C=10^2, sigma = 10^3;LOO;NS;NS;fitcsvm with Matlab;NS;Accuracy, Sensitivity, Specificity, F1;87,9;NS;Reimplemented;LR;0;Private;0;NS;No
Kim;South Korea;3;3;0;0;An Investigation of Insider Threat Mitigation Based on EEG Signal Classification.;Sensors;3,031;6365;20;21;2020;Threat management;;;;;;;;;;;;;RBF;No;NS;3;2000;NS;;z-score;Accuracy, Sensitivity, Specificity, Precision;93,27;;;;0;Private;0;NS;No
Kim;Japan;3;3;0;0;Classification of Movement Intention Using Independent Components of Premovement EEG;Frontiers in Human Neuroscience;2,87;;13;;2019;Motor imagery;Move cursor;Improve BCI training;6;NS;Intra;Quick-30 Dry EEG Headset (Cognionics, Inc., San Diego, CA, USA);30;100;1.5-4;Visual expert, ICA;Other;NS;NS;No;NS;8;NS;NS;Matlab;NS;Accuracy;85;t-test;No;No;0;Private;0;NS;No
Kim;Japan;3;3;0;0;Characteristics of Kinematic Parameters in Decoding Intended Reaching Movements Using Electroencephalography (EEG);Frontiers in Neuroscience;3,648;;13;;2019;Motor imagery;Reach movement (30 type);Data insights;8;NS;Intra;NS;64;100;janv-49;Visual expert, ICA;Combination;ANOVA;Linear;No;NS;5;NS;NS;Matlab 2017a;NS;Accuracy;figs;Permutation test;No;No;0;Private;0;NS;No
Kirar;India;2;2;0;0;Relevant Feature Selection from a Combination of Spectral-Temporal and Spatial Features for Classification of Motor Imagery EEG;Journal of Medical Systems;2,415;78;42;5;2018;Motor imagery;Detection of movement intention;Features selection;5, 7;260, 200;Intra;NS;118, 59;100, 100;005-200, 005-200;NS;Combination;CVSTSCSP;RBF;Gridsearch;C=100, sigma=10;10;10;Yes;NS;NS;Accuracy;94,9;NS;Reimplemented;LDA;16;Public;Dataset Ia BCI Competition IV, Dataset IVa BCI Competition III;NS;No
Knoth;Canada;10;0;10;0;Auditory repetition suppression alterations in relation to cognitive functioning in fragile X syndrome: a combined EEG and machine learning approach;Journal of Neurodevelopmental Disorders;3,45;4;10;1;2018;Neurotypical diagnosis (Fragile X);2 syllabs pseudowords to hear;Data insights;39;18;All;128 EGI;100;250;1-50, AvgRef;Threshold, ICA, Visual expert;Other;NS;RBF;No;NS;LOSO;NS;NS;Matlab 6.1 2000;NS;Accuracy;65,2;Binomial cumulative distribution, Bonferroni;Reimplemented;KNN, LDA;0;Private;0;NS;Yes
Krumpe;Germany;5;5;0;0;Unity and diversity in working memory load: Evidence for the separability of the executive functions updating and inhibition using machine learning;Biological Psychology;2,627;163-172;139;;2018;Workload level;P300;Data insights;22;NS;All;Acticap Brain Products;17;500;04-40, AvgRef, Baseline;Threshold, ICA;Combination;NS;Linear;No;C=1;10;NS;NS;Matlab 2015b;NS;Accuracy;74,73;Permutation test;No;No;0;Private;0;NS;No
Kuo;Taïwan;5;5;0;0;Wireless Stimulus-on-Device Design for Novel P300 Hybrid Brain-Computer Interface Applications;Computational Intelligence and Neuroscience;2,154;41275;2018;;2018;SSVEP + auditory P300;P300, SSVEP;Improve classification;18;NS;All;V-amp EasyCap (Brain Products, Germany);5;500;avr-20;NS;Other;NS;RBF;No;NS;NS;NS;NS;NS;NS;NS;90,25;NS;No;No;11;Private;0;NS;No
Lai;Malaysia;4;2;2;0;Classification of Non-Severe Traumatic Brain Injury from Resting-State EEG Signal Using LSTM Network with ECOC-SVM.;Sensors;3,031;5234;20;18;2020;Monitoring;;;;;;;;;;;;;NS;No;NS;LOO;NS;NS;;NS;Accuracy;100;;;;2;Private;0;NS;No
Lee;South Korea;3;3;0;0;Improvement of P300-Based Brain-Computer Interfaces for Home Appliances Control by Data Balancing Techniques.;Sensors;3,031;5576;20;19;2020;;;;;;;;;;;;;;RBF;No;Yes;;NS;NS;;z-score;Accuracy, Recall, Precision, F1score;87,27;;;;10;Private;0;NS;No
Levitt;USA;16;0;16;0;Pain phenotypes classified by machine learning using electroencephalography features.;NeuroImage;5,812;117256;223;;2020;Pain classification;;;;;;;;;;;;;RBF;Gridsearch;NS;10;NS;NS;;NS;Accuracy, AUC;82,5;;;;0;Private;0;NS;No
Li;China;5;5;0;0;Mild Depression Detection of College Students: an EEG-Based Solution with Free Viewing Tasks;Journal of Medical Systems;2,415;187;39;12;2015;Depression diagnosis;Watching faces pictures;Features selection;18;30;Inter;128 channels EGI (GSN);128;250;N50, 05-70;NS;Other;Correlation-based featured selection;NS;No;NS;NS;NS;NS;NS;NS;Accuracy, AUC;88,1;NS;Reimplemented;KNN, LR, NB, RF;0;Private;0;NS;No
Li;China;4;4;0;0;EEG-based mild depressive detection using feature selection methods and classifiers;Computer Methods and Programs in Biomedicine;3,424;151-161;136;;2016;Depression diagnosis;Watching faces pictures;Features selection;20;NS;Inter;128 channels Hydrocel Geodesic Sensor Net (EGI);16;250;N50, 05-70;ICA;Other;Best first, Greedy stepwise, Genetic search, Lin forward selection, Rank search;Linear, RBF, polynomial;No;NS;LOSO;NS;NS;Weka;NS;Accuracy, AUC;85,67;t-test, Bonferroni;Reimplemented;BN, LR, KNN, RF;0;Private;0;NS;No
Li;China;4;4;0;0;An Improved Refined Composite Multivariate Multiscale Fuzzy Entropy Method for MI-EEG Feature Extraction;Computational Intelligence and Neuroscience;2,154;44896;2019;;2019;Motor imagery;LH/RH, RH/RF;Features selection;1, 5;280, 260;Intra;NS;3, 118;NS, 100;05-30, 8-32;NS;Other;Channels selection;RBF;Gridsearch;NS;10;10;NS;NS;NS;Accuracy;99,86;Kappa;No;NS;10;Public;Dataset III BCI Competition II, Dataset IVa BCI Competition III;NS;No
Li;China;7;5;2;0;Multi-Feature Fusion Method Based on EEG Signal and its Application in Stroke Classification;Journal of Medical Systems;2,415;39;44;2;2020;Motor imagery;Stroke signal;Comparison of classification algorithms;NS;346;Inter;NS;8;100;0-35;NS;Other;Subset selection, PCA;NS;No;NS;5;NS;NS;NS;NS;Accuracy;96;NS;Reimplemented;DT, RF;9;Private;0;NS;No
Li;China;5;5;0;0;Training set extension for SVM ensemble in P300-speller with familiar face paradigm;Technology and Health Care;0,787;469-482;26;3;2018;P300 speller;NS;Improve classification;17;6300;All;NeuroScan Amp (SynAmps 2);14;64;001-30, Baseline;NS;NS;NS;RBF;Gridsearch;Yes;6;NS;NS;NS;NS;Accuracy;92;ANOVA;No;NS;14;Private;0;NS;No
Li;China;8;8;0;0;Enhancing BCI-Based Emotion Recognition Using an Improved Particle Swarm Optimization for Feature Selection.;Sensors;3,031;3028;20;11;2020;;;;;;;;;;;;;;Linear;No;Yes;5;NS;NS;;Yes;Accuracy;89,5;;;;19;Public;0;NS;No
Liang;China;8;2;6;0;Constructing a Consciousness Meter Based on the Combination of Non-Linear Measurements and Genetic Algorithm-Based Support Vector Machine;IEEE Transactions on Neural Systems and Rehabilitation Engineering;3,478;399-408;28;2;2020;Consciousness level;RSOE;Features selection;70;NS;Inter;BrainAmp, Brain Products, Germany, 32 channels, Bissystem Covidien;5;100;N50, 01-47, T;Threshold, Wavelets;Other;NS;RBF;Genetic algorithm;NS;5;10;NS;Matlab 2014a;NS;Accuracy, Sensitivity, Specificity;92,3;ANOVA;No;NS;16;Private;0;NS;No
Liao;Taïwan;5;3;2;0;Major Depression Detection from EEG Signals Using Kernel Eigen-Filter-Bank Common Spatial Patterns;Sensors;3,031;1385;17;6;2017;Depression diagnosis;RSOE;Features selection;24;NS;All;QuickCap32, Neuroscan Inc., Charlotte, NC, USA;8;500;avr-44;NS;Frequency;Kernel PCA;RBF;LOPO-CV+gridsearch;NS;LOSO;NS;NS;NS;NS;Accuracy;81,23;NS;Reimplemented;LDA, KNN;14;Private;0;NS;No
Lin;Taïwan;7;6;1;0;EEG-based emotion recognition in music listening.;IEEE transactions on bio-medical engineering;4,491;1798-806;57;7;2010;Emotions identification;Music listening;Improve classification;26;480;All;32 Neuroscan;24;500;N60;NS;Frequency;Systematic search;RBF;No;NS;10;10;NS;Libsvm;0-1;NS;82,29;NS;No;No;1;Private;0;NS;No
Liu;China;10;6;0;4;Incorporation of Multiple-Days Information to Improve the Generalization of EEG-Based Emotion Recognition Over Time;Frontiers in Human Neuroscience;2,87;;12;;2018;Emotions identification;Watch emotional videos;Improve classification;17;NS;Intra;60 channels EEG cap Neuroscan SynAmps²;60;500;01-100;ICA;Frequency;RFE;NS;No;NS;5;5;NS;Libsvm;NS;Accuracy, Sensitivity;72,5;NS;No;No;6;Private;0;NS;No
Liu;China;9;9;0;0;Randomly dividing homologous samples leads to overinflated accuracies for emotion recognition;International Journal of Psychophysiology;2,882;29-37;96;1;2015;Emotions identification;Emotional pictures;Features selection;10;NS;Intra;Neuroscan NuAmps 40 channels QuickCap;30;1000;janv-45;ICA;Frequency;RFE;RBF;No;NS;10;NS;NS;Libsvm;NS;Accuracy;85,71;NS;No;No;5;Private;0;NS;No
Liu;China;7;7;0;0;Human emotion classification based on multiple physiological signals by wearable system;Technology and Health Care;0,787;459-469;26;;2018;Emotions identification;Watch emotional videos;Features selection;6;36;Intra;V-amp EasyCap (Brain Products, Germany);16;NS;1-60, N50, Baseline;Hilbert-Huang transformation;Combination;NS;Linear;No;NS;NS;NS;NS;NS;NS;NS;88,07;NS;No;No;6;Private;0;NS;No
Liu;China;4;0;1;3;Exploring differences between left and right hand motor imagery via spatio-temporal EEG microstate;Computer Assisted Surgery;1,961;258-266;22;sup1;2017;Motor imagery;LH/RH;Features selection;9;24;All;NS;22;250;8-15, AvgRef;ICA;Other;NS;Linear, RBF, polynomial;No;NS;10;NS;Yes;NS;NS;AUC;89,17;NS;No;No;3;Public;Dataset IIa BCI Competition IV;NS;Yes
Lopez-Garcia;Spain;5;1;4;0;Multivariate Pattern Analysis Techniques for Electroencephalography Data to Study Flanker Interference Effects.;International Journal of Neural Systems;6,507;2050024;30;7;2020;Behaviour control;;;;;;;;;;;;;RBF;Gridsearch;NS;5;NS;NS;;z-score;Accuracy, AUC;92;;;;6;Private;0;NS;No
Ludwig;USA;2;2;0;0;Investigation of different classifiers and channel configurations of a mobile P300-based brain–computer interface;Medical & Biological Engineering & Computing;1,82;2143-2154;55;12;2017;P300 speller;P300 speller;Improve BCI training;14;NS;Intra;EPOC+ Emotiv wireless headset;14;128;016-45, AvgRef, Electrode Threshold;Winsor method;NS;NS;Linear;Line search;NS;NS;NS;NS;NS;Z-score;Accuracy;73,2;NS;Reimplemented;Stepwise LDA, Bayesian LDA, Fischer LDA, Multilayer feed-forward NN;7;Private;0;NS;No
Luo;China;6;6;0;0;Motor imagery EEG classification based on ensemble support vector learning.;Computer Methods and Programs in Biomedicine;2,424;105464;193;;2020;Motor imagery;;;;;;;;;;;;;NS;No;NS;5;NS;NS;;NS;Kappa;-;;;;15;Public;0;NS;No
Luo;China;4;4;0;0;Class discrepancy-guided sub-band filter-based common spatial pattern for motor imagery classification;Journal of Neuroscience Methods;2,785;98-107;323;;2019;Motor imagery;LH/RH;Features selection;9, 9;NS;Intra;NS;3;250;05-100, N50;Visual expert;Other;NS;Linear;Bayesian;Yes;5;NS;NS;Matlab 2018a;NS;NS;kappa;Kappa;No;NS;22;Public;Dataset IIa BCI Competition IV, Dataset IIb BCI Competition IV;NS;No
Ma;China;6;5;0;1;Classification of Motor Imagery EEG Signals with Support Vector Machines and Particle Swarm Optimization;Computational and Mathematical Methods in Medicine;1,018;44774;2016;;2016;Motor imagery;RH/RF, LH/RH;Improve classification;5;NS;Intra;NS;59;100;NS;NS;Other;NS;RBF;Particle Swarm;Yes;NS;NS;NS;NS;NS;Accuracy;97;NS;NS;NS;22;Public;Dataset IVa BCI Competition III;NS;No
Ma;China;2;2;0;0;EEG Signal and Feature Interaction Modeling-Based Eye Behavior Prediction Research.;Computational and Mathematical Methods in Medicine;1,018;2801015;2020;;2020;Monitoring;;;;;;;;;;;;;NS;No;NS;NS;NS;NS;;NS;Accuracy, Precision, Recall, F1score;0,56;;;;17;Private;0;NS;No
Mahato;India;4;2;2;0;Detection of Depression and Scaling of Severity Using Six Channel EEG Data.;Journal of Medical Systems;2,415;118;44;7;2020;Depression diagnosis;;;;;;;;;;;;;NS;No;NS;NS;NS;NS;;NS;Accuracy, Sensitivity, Specificity;96,02;;;;21;Private;0;NS;No
Mahato;India;2;2;0;0;Classification of Depression Patients and Normal Subjects Based on Electroencephalogram (EEG) Signal Using Alpha Power and Theta Asymmetry;Journal of Medical Systems;2,415;28;44;1;2020;Depression diagnosis;RS;Features selection;60;NS;Inter;NS;19;256;05-32, N50, AvgRef;ICA;Frequency;Multicuster feature selection;RBF;No;NS;10;100;NS;Matlab 2015a;min-max normalisation;Accuracy, Sensitivity, Specificity;88,33;NS;Reimplemented;LR, NB, DT;17;Public;Mumtaz;NS;No
Malan;India;2;2;0;0;Feature selection using regularized neighbourhood component analysis to enhance the classification performance of motor imagery signals;Computers in Biology and Medicine;2,286;118-126;107;;2019;Motor imagery;LH/RH;Features selection;1, 9;280;Intra;NS;3, 3;128;Highpass 05, Lowpass30;Treshold;Frequency;Neighbourhood CA;Custom;No;NS;5;NS;NS;Matlab 2018a;NS;Accuracy, Precision, Recall,  Sensitivity, Specificity, F1;80,7;Kappa,  Friedman, Wilcoxon;NS;NS;7;Public;Dataset III BCI Competition II, Dataset IIb BCI Competition IV;NS;No
Mohagheghian;Iran;7;0;5;1;Computer-Aided Tinnitus Detection based on Brain Network Analysis of EEG Functional Connectivity;Journal of Biomedical Physics and Engineering;1,34;;9;6;2019;Tinnitus diagnosis;RSOE;Data insights;8;18;Inter;G.HI amp (g.tech);64;1200;Highpass 2,Lowpass 50 Avg Ref;Visual Expert, ICA;Frequency;PCA;RBF;No;NS;LOO;NS;NS;Matlab 2016a;NS;Accuracy, Sensitivity, Specificity;100;NS;NS;NS;9;Private;0;NS;No
Mohan;Singapore;11;2;9;0;Effect of Subliminal Lexical Priming on the Subjective Perception of Images: A Machine Learning Approach;PloS one;2,776;e0148332;11;2;2016;Visual perception;Images;Features selection;40;1;All;32 Hydrocel GSN(EGI);32;250;Lowpass 01 Highpass 30, Avg Ref, Baseline, Interpolation;ICA, Visual expert;Combination;LFDA (Local Fisher DA);RBF;Gridsearch;Yes;LOSO;NS;NS;NS;Z-score, ACE;NS;95;NS;NS;NS;5;Private;0;NS;No
Mohseni;Iran;4;0;2;2;Upper limb complex movements decoding from pre-movement EEG signals using wavelet common spatial patterns;Computer Methods and Programs in Biomedicine;3,424;105076;183;;2020;Motor imagery;5 task finger;Features selection;9;NS;All;G.GAMMAcap, guger, Technologies Austria;10;512;Highpass 03, Lowpass 70, N50, Avg Ref;BSS;Frequency;CSP;NS;No;NS;10;NS;NS;Matlab 2016a;Norm(0, 1);Accuracy;88,9;1 test;NS;KNN, LDA;2;Private;0;NS;No
Mondini;Italy;3;3;0;0;EEG-Based BCI System Using Adaptive Features Extraction and Classification Procedures;Computational Intelligence and Neuroscience;2,154;41640;2016;;2016;Motor imagery;Imagining Skillful mouvement;Features selection;10;NS;Intra;Brain box ECG-1166 amp;11;126;Highpass 8, Lowpass 30, Avg Ref ;Visual expert;NS;NS;Linear;No;C=1;NS;NS;NS;LabVIEW;NS;NS;69,34;NS;NS;NS;5;Private;0;NS;Yes
Mumtaz;Malaysia;5;5;0;0;An EEG-based functional connectivity measure for automatic detection of alcohol use disorder;Artificial Intelligence in Medicine;3,574;79-89;84;;2018;Alcoholism diagnosis;RSOE, RSCE;Comparison of classification algorithms;60;NS;Inter;NS;19;256;Highpass 0 Lowpass 70, N50, Avg Ref;BSS;Other;Subset selection;Linear;No;Yes;10;10;Yes;NS;Z-score;Accuracy, Sensitivity, Specificity, F1;98;NS;NS;LR, NB;12;Private;0;NS;No
Mumtaz;Malaysia;4;3;1;0;A machine learning framework involving EEG-based functional connectivity to diagnose major depressive disorder (MDD);Medical & Biological Engineering & Computing;1,82;233-246;56;2;2018;Depression diagnosis;RSOE, RSCE;Comparison of classification algorithms;60;NS;Inter;NS;19;256;Highpass 0 Lowpass 70, N50, Avg Ref;BSS;Other;Subset selection;Linear;No;Yes;10;10;Yes;NS;Z-score;Accuracy, Sensitivity, Specificity, F1;98;NS;NS;LR, NB;15;Private;0;NS;No
Muukkonen;Finland;4;0;4;0;Spatio-temporal dynamics of face perception;NeuroImage;5,812;116531;209;;2020;Face emotions identification;Watching faces pictures;NS;17;2;All;Biosemi ActiveTwo 64;64;200;Highpass 01 Lowpass 81, AvgRef, Interpolation;Cleanline plugin;Temporal, raw;NS;Linear;No;C=1;LOSO;NS;NS;Libsvm with Matlab 2018a;NS;Accuracy;58;Wilcoxon ;NS;NS;0;Private;0;NS;Yes
Padilla-Buritica;Spain;3;3;0;0;Emotion Discrimination Using Spatially Compact Regions of Interest Extracted from Imaging EEG Activity;Frontiers in Computational Neuroscience;2,323;;10;;2016;Emotions identification;Watching Images DEAP music videos;Features selection;32;NS;Intra;Biosemi ActiveTwo 32;32;128;Highpass 4;ICA;Other;PCA;RBF;No;NS;LOO;NS;NS;NS;NS;Accuracy;62,5;NS;NS;NS;16;Public;DEAP;NS;No
Petrantonakis;Greece;2;2;0;0;Emotion Recognition From EEG Using Higher Order Crossings;IEEE Transactions on Information Technology in Biomedicine;2,493;186-197;14;2;2010;Emotions identification;Pictures;Features selection;16;1;All;G.Nobilab( g.tech, guger);3;256;Highpass 05, Lowpass 30;NS;Temporal;NS;Polynomial;No;p=5;4;10;NS;Matlab 2008a;Z-score;Accuracy;100;NS;NS;QDA, KNN, Mahalandors distance HOC-EE;22;Private;0;NS;No
Piryatinska;USA;3;2;1;0;Binary classification of multichannel-EEG records based on the ?-complexity of continuous vector functions;Computer Methods and Programs in Biomedicine;3,424;131-139;152;;2017;Schizophrenia diagnosis;RS;Features selection;84;NS;Inter;NS;16;128;Highpass 05, Lowpass 45;Visual Expert;NS;NS;NS;No;NS;10;NS;NS;R;NS;Accuracy, FP, FN;81,07;NS;NS;RF;26;Public;Link;NS;No
Plewan;Germany;4;0;4;0;Classifying Response Correctness across Different Task Sets: A Machine Learning Approach;PloS one;2,776;e0152864;11;3;2016;Errors identification;Letters;Data insights;20;200;Intra;Quick Amp, Brain Products, Gilching 63;5;500;Highpass 05, Lowpass 25;ICA, Threshold;NS;NS;RBF;Gridsearch (nested);NS;10;NS;NS;Libsvm with Matlab;Norm (-1, 1);Accuracy;85;Permutation test;NS;NS;0;Private;0;NS;No
Raheel;Pakistan;3;3;0;0;A study on the effects of traditional and olfaction enhanced multimedia on pleasantness classification based on brain activity analysis;Computers in Biology and Medicine;2,286;103469;114;;2019;Emotions identification;Watch movie;Features selection;20;NS;All;MUSE EEG headband;4;256;NS;NS;Frequency;Subset selection;Polynomial;No;p=1;10;NS;NS;NS;NS;Accuracy, Sensitivity, Specificity, Precision, Recall, F1;75;NS;NS;NS;0;Private;0;NS;No
Rahman;Bangladesh;3;3;0;0;An efficient scheme for mental task classification utilizing reflection coefficients obtained from autocorrelation function of EEG signal;Brain Informatics;1,067;44896;5;1;2018;Mental tasks discrimination;NS;NS;NS;NS;Intra;NS;NS;NS;NS;NS;NS;NS;Quadratic (try of quadratic, linear, polynomial);No;NS;LOO;NS;NS;NS;NS;Accuracy;93,16;NS;NS;NS;11;Public;Link Keirn Aunon;NS;No
Rahman;Bangladesh;2;2;0;0;Mental Task Classification Scheme Utilizing Correlation Coefficient Extracted from Interchannel Intrinsic Mode Function;BioMed Research International;2,197;44866;2017;;2017;Mental tasks discrimination;NS;Features selection;NS;NS;Intra;NS;NS;250;Highpass 01, Lowpass 100, N60;NS;Other;NS;Polynomial (try of quadratic, linear, polynomial);No;NS;LOO;NS;NS;NS;NS;Accuracy;95,34;NS;NS;NS;16;Public;Link Keirn Aunon;NS;No
Ramzan;India;2;2;0;0;Learning-based classification of valence emotion from electroencephalography;International Journal of Neuroscience;1,848;1085-1093;129;11;2019;Emotions identification;Watching Images DEAP  40 music videos;Comparison of classification algorithms;6;1280;Intra;NS;32;NS;NS;NS;Frequency;RFE, MRA, Pearson's X²;RBF;No;NS;5;NS;NS;Libsvm;NS;Accuracy, Sensitivity, Specificity, Precision, F1;69,5;NS;Reimplemented+Other papers;KNN, RF, DT, NB, NN;18;Private;0;NS;No
Rathee;United Kingdom;4;4;0;0;Current Source Density Estimation Enhances the Performance of Motor-Imagery-Related Brain–Computer Interface;IEEE Transactions on Neural Systems and Rehabilitation Engineering;3,478;2461-2471;25;12;2017;Motor imagery;LH/RH/2F/T;Impact of reference;9;NS;Intra;NS;10;NS;Different referents, different spatial filters, different bandpass;NS;Frequency;NS;Linear;No;NS;NS;NS;NS;Matlab 8.1;Norm (0,1);Accuracy;85,19;Wilcoxon;NS;NS;15;Public;Dataset IIa BCI Competition IV;NS;No
Rodpongpun;Thailand;3;3;0;0;Influential Factors of an Asynchronous BCI for Movement Intention Detection.;Computational and Mathematical Methods in Medicine;1,018;8573754;2020;;2020;;;;;;;;;;;;;;NS;Gridsearch;NS;NS;NS;NS;;z-score;F1score, Recall, Precision;-;;;;4;Available;0;NS;No
Roy;India;4;2;2;0;A fingertip force prediction model for grasp patterns characterised from the chaotic behaviour of EEG;Medical & Biological Engineering & Computing;1,82;2095-2107;56;11;2018;Motor imagery;Fingertip grasp;Data insights;20;290;All;G.HI amp (g.tech, Graz, Austria);29;256;Highpass 001, Lowpass 60, N50, Laplacian;NS;Frequency;NS;Polynomial;No;NS;2;NS;NS;Matlab 2016b;NS;Accuracy;97,2;NS;NS;NS;6;Private;0;NS;No
Saeed;Pakistan;5;3;1;0;EEG based Classification of Long-term Stress Using Psychological Labeling.;Sensors;3,031;1886;20;7;2020;Stress level;;;;;;;;;;;;;NS;Gridsearch;NS;10;NS;NS;;NS;Accuracy, Kappa, F1score, mean absolute error, root mean absolute error;85,2;;;;8;Private;0;NS;No
Sai;Malaysia;5;4;1;0;Automated Classification and Removal of EEG Artifacts With SVM and Wavelet-ICA;IEEE Journal of Biomedical and Health Informatics;4,217;664-670;22;3;2018;Rest (de-artifacting);RSOE;Artifact removal;10;5000;All;g.USBamp system (g.tec medical engineering, Austria);16;256;Highpass 05, Lowpass 100, N50;Wavelets+ICA;ICA;NS;Linear;No;C=10;5;NS;NS;Labview;NS;Accuracy, Sensitivity, Specificity;99,1;NS;NS;NS;7;Private;0;NS;No
Salvaris;United Kingdom;2;2;0;0;Visual modifications on the P300 speller BCI paradigm;Journal of Neural Engineering;4,551;46011;6;4;2009;P300 speller;P300 speller;Comparison of classification algorithms;8;NS;Intra;Biosemi ActiveTwo 64;8;512;Highpass 01, Lowpass 30;NS;Raw;NS;RBF;Toolbox;NS;5;NS;NS;Libsvm;z-score;Accuracy;figs;Wilcoxon + Bonferroni, Friedman;Reimplemented;LDA;5;Private;0;NS;No
Sánchez-González;Spain;4;2;2;0;Patient prognosis based on feature extraction, selection and classification of EEG periodic activity;Bio-Medical Materials and Engineering;0,993;S1569-S1578;26;s1;2015;Epilepsy prognosis;RS;Data insights;10;15;Intra;Neurofax (Nihon-Kohden, Rosbach, Germany), 32 Ch;32;50;Highpass 03, Lowpass 40, Notch 50;Threshold;Combination;Wilcoxon method;Linear, RBF;No;Yes;5;100;NS;NS;Norm(0,1);Accuracy, AUC;81,94;Mahn-Whitney;Reimplemented;DT;0;Private;0;NS;No
Seo;South Korea;4;4;0;0;EEG-Based Emotion Classification for Alzheimer's Disease Patients Using Conventional Machine Learning and Recurrent Neural Network Models.;Sensors;3,031;7212;20;24;2020;;;;;;;;;;;;;;NS;No;NS;5;1000;NS;;NS;Accuracy;non reportée;;;;3;Private;0;NS;No
Sereshkeh;Canada;4;1;1;2;Online EEG Classification of Covert Speech for Brain–Computer Interfacing;International Journal of Neural Systems;6,507;1750033;27;8;2017;Yes/No response prediction;RSOE, questions;Improve BCI training;12;200;Intra;Brain Amp DC Amplifier 64;62;1000;Highpass 05, Lowpass 50;ADJUST;Frequency;Fast-correlation-based filter;Linear;No;NS;10;NS;NS;NS;NS;Accuracy, Sensitivity, Specificity;75,9;NS;No;NS;0;Private;0;NS;No
ShafiulHasan;USA;6;6;0;0;Prediction of gait intention from pre-movement EEG signals: a feasibility study.;Journal of NeuroEngineering and Rehabilitation;3,582;50;17;1;2020;;;;;;;;;;;;;;NS;Yes;NS;10;NS;NS;;NS;Accuracy, Sensitivity, Specificity;76,41;;;;9;Available;0;NS;No
Shalbaf;Iran;4;1;3;0;Monitoring the level of hypnosis using a hierarchical SVM system;Journal of Clinical Monitoring and Computing;1,935;;;;2019;Consciousness level;RSOE;Comparison of classification algorithms;17;NS;Intra;GE Electronics System;1;NS;NS;NS;Other;NS;RBF;Trial/error;Yes;LOO;NS;NS;Matlab;NS;NS;94,11;NS;Reimplemented;MLP;11;Private;0;NS;No
Shan;China;2;2;0;0;A novel channel selection method for optimal classification in different motor imagery BCI paradigms;BioMedical Engineering OnLine;2,013;93;14;1;2015;Motor imagery;LH/RH, cursor moving, cursor moving;Features selection;8,8;180, 180, 280;Intra;NS;59, 59, 62;100, 200, 200;Highpass 5, Lowpass 35;NS;Relief, Frequency Relieff;NS;RBF;No;NS;10;NS;NS;NS;min-max;Accuracy;94,1;NS;No;NS;7;Public;Osman, Univ. Minnesota, Univ. Minnesota;NS;No
Sorinas;Spain;4;4;0;0;Identifying Suitable Brain Regions and Trial Size Segmentation for Positive/Negative Emotion Recognition;International Journal of Neural Systems;6,507;1850044;29;2;2019;Emotions identification;Watch emotional videos;Features selection;24;NS;Intra/All;Neuroscan Synamps (Neuroscan Products, Compumedics, USA) 64;50;1000;AvgRef;ICA;Combination;NS;NS;No;NS;10;1000;NS;Matlab;NS;Accuracy;86,96;NS;Reimplemented;LDA, QDA, non LDA;0;Private;0;NS;No
Sousa;Portugal;6;2;3;1;Pure visual imagery as a potential approach to achieve three classes of control for implementation of BCI in non-motor disorders;Journal of Neural Engineering;4,551;46026;14;4;2017;Motor imagery;Static dot, vertical dot, multidirectional dot;Data insights;12;NS;Intra;Acticap (Brain Products Package);58;1000;Highpass 01, Lowpass 70, Notch 50, AvgRef, baseline;ICA;Frequency;NS;Sigmoid;Yes;Yes;LOO;NS;NS;Libsvm;Yes;Accuracy, Sensitivity, Specificity;87,64;2 tailed binomial test;No;NS;0;Private;0;NS;No
Spüler;Germany;3;1;2;0;On the design of EEG-based movement decoders for completely paralyzed stroke patients;Journal of NeuroEngineering and Rehabilitation;3,582;110;15;1;2018;Motor imagery;RS;Data insights;37;NS;Intra;Acticap (Brain Products GmbH, Munich, Germany);16;500;AvgRef, Highpass 1, Lowpass 40;NS;Frequency;NS;Linear;No;C=1;NS;NS;NS;Libsvm;NS;TPOFP;-;ANOVA;No;NS;1;Available;0;NS;No
Stern;Israël;3;3;0;0;Brain Network Activation Analysis Utilizing Spatiotemporal Features for Event Related Potentials Classification;Frontiers in Computational Neuroscience;2,323;;10;;2016;Auditory ERPs;Oddball auditory ERP;Features selection;110;600;All;HydroCel EGI 128, ActiveTwo Biosemi 64;128, 64;250, 256;NS;Threshold, ICA;Other;NS;Linear;No;C=log(-3,5);NS;NS;NS;Scikit-learn Python;NS;AUC;95;NS;No;NS;6;Private;0;NS;Yes
Strauss;Germany;3;1;2;0;Objective detection of the central auditory processing disorder: a new machine learning approach.;IEEE transactions on bio-medical engineering;4,491;1147-55;51;7;2004;Diagnostic central auditory processing disorder (CAPD);Auditory evoked potential;Features selection;60;4000;Inter;NS;2;20000;NS;NS;Temporal;NS;RBF;No;NS;NS;NS;NS;NS;L1 Norm;Specificity, Sensitivity, Accuracy;-;NS;Other papers;NS;47;Private;0;NS;No
Sweeti;India;5;2;0;3;Classification of Targets and Distractors Present in Visual Hemifields Using Time-Frequency Domain EEG Features;Journal of Healthcare Engineering;1,295;44835;2018;;2018;Workload level;Targets & distractors;Features selection;13;90;All;NS;31;512;Highpass 01, Lowpass 45;BSS;Frequency;ANOVA;RBF;No;NS;k;NS;NS;NS;z-score;ROC, FPR, TPR;-;NS;Reimplemented;ANN, KNN;6;Public;Tounsend (link);NS;Yes
Tacke;Germany;6;2;3;1;Machine learning for a combined electroencephalographic anesthesia index to detect awareness under anesthesia.;PloS one;2,776;e0238249;15;8;2020;Anaesthesia monitoring;;;;;;;;;;;;;NS;Gridsearch;NS;LOO;NS;NS;;NS;Accuracy;93,5;;;;0;Private;0;NS;No
Tafreshi;Iran;3;1;2;0;Functional and effective connectivity based features of EEG signals for object recognition;Cognitive Neurodynamics;2,42;555-566;13;6;2019;Objects identification;Color images (12 categories);Features selection;10;NS;Intra;NS;19;500;Highpass 01, Lowpass 50;ICA;Other;t test, ANOVA;RBF;Gridsearch;Yes;5;NS;NS;Matlab;Yes;NS;80,15;NS;No;NS;27;Private;0;NS;No
Taran;India;2;2;0;0;Emotion recognition from single-channel EEG signals using a two-stage correlation and instantaneous frequency-based filtering method;Computer Methods and Programs in Biomedicine;3,424;157-165;173;;2019;Emotions identification;Watch music videos;Improve classification;20;NS;All;24-channels EEG traveler;10;256;Highpass 05, Lowpass 60;Correlation;Frequency;NS;RBF, polynomial, Mexican hat, Morlet wavelets;No;NS;10;NS;NS;NS;NS;Accuracy, F1, Kappa;90,63;NS;No;NS;17;Private;0;NS;No
Tavakolan;Canada;4;4;0;0;Classifying three imaginary states of the same upper extremity using time-domain features.;PloS one;2,776;e0174161;12;3;2017;Motor imagery;NS;Features selection;12;NS;Intra;32 channel EGI Geodesic Sensor Net;32;250;Highpass 6, Lowpass 35;NS;Temporal;NS;RBF;Gridsearch;Yes;10;10;NS;NS;NS;Accuracy;74,2;ANOVA + Tukey posthoc;No;NS;6;Private;0;NS;No
Tekin Erguzel;Turkey;3;1;2;0;A wrapper-based approach for feature selection and classification of major depressive disorder–bipolar disorders;Computers in Biology and Medicine;2,286;127-137;64;;2015;Differential diagnosis monopolar/bipolar depression;RSCE;Features selection;101;NS;Inter;Electrodecap (Compumedics, Neuroscan);19;250;Highpass 015, Lowpass 30;Visual expert;Frequency;Particle swarm;RBF;No;C=10, sigma=0,2;nested;NS;NS;NS;z-score;Accuracy;80,19;Nested CV;Reimplemented;GA, gravitational search algorithm (GSA), GACO (Ant colonies optimization);18;Private;0;NS;No
Thammasan;Japan;4;4;0;0;Familiarity effects in EEG-based emotion recognition;Brain Informatics;1,067;39-50;4;1;2017;Emotions identification;Watch video;Features selection;15, 32;NS;Intra;Waveguard Cap;12;250, 128;Highpass 4, Lowpass 45, Notch 60;ICA;Frequency;NS;Pearson VII;No;NS;10;NS;NS;NS;NS;Accuracy;87,8;ANOVA + Tukey posthoc;Other papers;NS;3;Public and private;DEAP;NS;No
Tian;China;3;0;0;3;Cortical Classification with Rhythm Entropy for Error Processing in Cocktail Party Environment Based on Scalp EEG Recording;Scientific Reports;4,122;6070;8;1;2018;Errors identification;Read sentences;Features selection;20;0;All;64 channel Neuroscan Quick-Cap;64;1000;Highpass 01, Lowpass 30, REST;Threshold;Other;NS;RBF;Gridsearch;NS;LOO;NS;NS;NS;NS;Accuracy, Sensitivity, Specificity, AUC;89,7;NS;No;NS;0;Private;0;NS;No
Tian;China;5;2;0;3;Classification for Single-Trial N170 During Responding to Facial Picture With Emotion;Frontiers in Computational Neuroscience;2,323;;12;;2018;Workload level;Watch faces pictures;Features selection;20;480;All;64 channel Neuroscan Quick-Cap;5;250;REST, Highpass 05, Lowpass 45, baseline;Threshold + BSS;NS;NS;RBF;No;NS;10;NS;NS;NS;Norm(0,1);Accuracy, Sensitivity, Specificity, AUC, Kappa, computational time;-;t test;Reimplemented;L1LR, LDA;8;Private;0;NS;No
Tian;China;4;0;0;4;A Fusion Feature for Enhancing the Performance of Classification in Working Memory Load With Single-Trial Detection;IEEE Transactions on Neural Systems and Rehabilitation Engineering;3,478;1985-1993;27;10;2019;Workload level;Memory load;Features selection;20;240;Intra;64 channel Neuroscan Quick-Cap;23;1000;REST, Highpass 05, Lowpass 45;BSS + Threshold;Other;NS;RBF;No;NS;LOO;NS;NS;NS;NS;MacroAvgMeasure, MicroAvgMeasure, Error, Kappa;84,3;NS;No;NS;6;Private;0;NS;No
Torabi;Iran;3;0;0;3;Diagnosis of multiple sclerosis from EEG signals using nonlinear methods;Australasian Physical & Engineering Sciences in Medicine;1,006;785-797;40;4;2017;Multiple scelrosis diagnosis;Attention task;Improve classification;12;NS;Inter;Emotiv EPOC 1.0;14;128;Highpass 05, Lowpass 45, baseline;Threshold;Other;t-test + Bhattacharyya criteria;Linear;Yes (NS);Yes;10;NS;NS;Libsvm;NS;Sensitivity, Specificity, Accuracy, Precision;93,08;Nested CV;Reimplemented;KNN;34;Private;0;NS;No
Trambaiolli;Brazil;5;2;1;2;Feature selection before EEG classification supports the diagnosis of Alzheimer’s disease;Clinical Neurophysiology;3,614;2058-2067;128;10;2017;Alzheimer's disease diagnosis;NS;Features selection;34;40;Inter;Braintech 3.0 (EMSA Medical Equipments);19;200;Notch 60;Visual expert;Frequency;8 different algorithms;Linear;No;C=1;2;100;NS;Libsvm;NS;Accuracy;91,18;t test, Wilcoxon, Bonferroni;No;NS;2;Private;0;NS;Yes
Valentin;United Kingdom;3;0;2;1;Interpreting neural decoding models using grouped model reliance.;PLoS computational biology;4,428;e1007148;16;1;2020;Working memory;;;;;;;;;;;;;RBF;No;C=1;10;NS;NS;;Yes;Accuracy;multiclass;;;;1;Private;0;Github;No
Vandenbosch;Netherlands;5;0;5;0;EEG?based age?prediction models as stable and heritable indicators of brain maturational level in children and adolescents;Human Brain Mapping;4,554;1919-1926;40;6;2019;Children age identification;RSCE;Data insights;836, 621;NS;Inter;14 channels Nihonkohden PV-441A, SynAmps 2 30 channels;12;250;Highpass 1, Lowpass 30;Visual expert, ICA;Frequency;NS;NS;No;NS;6;12;Yes;NS;Yes;Accuracy, Sensitivity, Specificity, AUC;-;X²;Reimplemented;RF;0;Private;0;NS;No
Varsehi;Iran;2;2;0;0;An EEG channel selection method for motor imagery based brain-computer interface and neurofeedback using Granger causality.;Neural Networks;7,197;193--206;133;;2020;;;;;;;;;;;;;;Linear, RBF;No;NS;10;NS;Yes;;NS;Accuracy, Sensitivity, Specificity;93,03;;;;32;Public;0;NS;No
Vecchio;Italy;7;0;7;0;Classification of Alzheimer's Disease with Respect to Physiological Aging with Innovative EEG Biomarkers in a Machine Learning Implementation.;Journal of Alzheimer's disease ;3,909;1253--1261;75;4;2020;;;;;;;;;;;;;;RBF;Maximum likelihood;NS;5;1000;NS;;z-score;Accuracy, Sensitivity, Specificity, AUC;95;;;;14;Private;0;NS;No
Wang;Taïwan;3;0;1;2;EEG-Based Attention Tracking During Distracted Driving;IEEE Transactions on Neural Systems and Rehabilitation Engineering;3,478;1085-1094;23;6;2015;Detection of driving attention;Driving task, maths;Data insights;10;NS;Intra;32 Neuroscan;32;250;Highpass 05, Lowpass 50;ICA;Frequency;swLDA;RBF;No;NS;5;NS;NS;Libsvm with Matlab;NS;AUC, Accuracy;86,2;Wilcoxon + Tukey;Reimplemented;KNN, LDA, NMSC, MLP, P, Parzen;0;Private;0;NS;No
Wang;China;6;6;0;0;Power spectral density and coherence analysis of Alzheimer’s EEG;Cognitive Neurodynamics;2,42;291-304;9;3;2015;Alzheimer's disease diagnosis;RSCE;Data insights;28;NS;Inter;NS;16;1024;NS;Visual expert;Frequency;NS;NS;No;NS;NS;NS;NS;NS;NS;Accuracy;91,4;NS;No;NS;7;Private;0;NS;No
Wang;China;3;1;1;1;Decoding English Alphabet Letters Using EEG Phase Information;Frontiers in Neuroscience;3,648;;12;;2018;Alphabet recognition;Letters;Data insights;14;450;Intra;64 ActiCHamp Brain Productrs;17;500;Baseline, Highpass 05, Lowpass 220;Visual expert, ICA;Frequency;NS;RBF;Gradient ascent (sigma only);NS;30;NS;NS;Libsvm with Matlab;NS;Accuracy;multiclass 35,5;Permutation test;No;NS;1;Private;0;NS;Yes
Wang;China;7;7;0;0;Motor imagery classification using geodesic filtering common spatial pattern and filter-bank feature weighted support vector machine.;The Review of scientific instruments;1,587;34106;91;3;2020;;;;;;;;;;;;;;RBF;No;NS;10;NS;NS;;NS;Accuracy;93,134;;;;23;Public;0;NS;No
Wei;China;4;4;0;0;Emotion Recognition Based on Weighted Fusion Strategy of Multichannel Physiological Signals;Computational Intelligence and Neuroscience;2,154;44805;2018;;2018;Emotions identification;Affective stimuli;Data insights;27;NS;Intra;NS;12;NS;NS;NS;NS;NS;RBF;Gridsearch;NS;NS;NS;NS;Libsvm with Matlab;NS;Accuracy;74;NS;No;NS;19;Public;MAHNOB-HCI;NS;No
Wittevrongel;Belgium;2;0;2;0;Faster P300 Classifier Training Using Spatiotemporal Beamforming;International Journal of Neural Systems;6,507;1650014;26;3;2016;P300 identification ;P300 speller;Features selection;21;1860, 540;Intra;ActiveTwo Biosemi;32;64;Baseline, Highpass 05, Lowpass 15;NS;Other;NS;Linear;Linesearch;NS;10;NS;NS;NS;NS;Accuracy;-;NS;No;NS;12;Private;0;NS;No
Xu;China;5;5;0;0;Recognition of EEG Signal Motor Imagery Intention Based on Deep Multi-View Feature Learning.;Sensors;3,031;3496;20;12;2020;;;;;;;;;;;;;;RBF;No;NS;10;NS;NS;;NS;Accuracy, kappa;78,5074;;;;11;Public;0;NS;No
Yan;China;5;5;0;0;Driving Style Recognition Based on Electroencephalography Data From a Simulated Driving Experiment;Frontiers in Psychology;2,129;;10;;2019;Dangerous driving detection;Driving task;Data insights;23;NS;Intra;16 channels Biopac MP150 system (Biopac, Goleta, USA);16;512;05-30, Baseline, AvgRef;ICA, ADJUST;Frequency;PCA;Linear;No;NS;LOSO;NS;NS;Matlab 2016a;Z-score;Accuracy, F1;80;NS;NS;NS;5;Public;0;NS;No
Yang;South Korea;2;0;0;2;Group-Level Neural Responses to Service-to-Service Brand Extension;Frontiers in Neuroscience;3,648;;13;;2019;Adequacy of advertising stimulus/target audience;Brand evaluation;Data insights;19;NS;All;31 ActiChamp Brain Products GmbH;7;500;mai-50;ICA;Raw;NS;Linear;No;NS;LOSO;NS;NS;NS;NS;Accuracy;73,39;NS;NS;NS;0;Available;0;NS;Yes
Yi;China;8;0;0;8;EEG oscillatory patterns and classification of sequential compound limb motor imagery;Journal of NeuroEngineering and Rehabilitation;3,582;11;13;1;2016;Motor imagery;LH/RH/F, imagine playing drums;Improve BCI training;12;200;Intra;64 channels SynAmps2 (Neuroscan);62;200;N50, Baseline, 8-30;NS;Frequency;RFE;NS;No;NS;10;NS;NS;Libsvm;NS;Accuracy;74;t-test;NS;NS;8;Private;0;NS;No
Yin;China;5;5;0;0;Cross-Subject EEG Feature Selection for Emotion Recognition Using Transfer Recursive Feature Elimination;Frontiers in Neurorobotics;3;;11;;2017;Emotions identification;Watch video;Features selection;32;40;Intra;NS;32;128;avr-45;ICA;NS;Transfer-RFE;Linear;No;NS;NS;NS;NS;Matlab 2011b;NS;Accuracy, F1;78;NS;NS;NS;26;Public;DEAP;NS;No
Yu;China;4;4;0;0;Modulation Effect of Acupuncture on Functional Brain Networks and Classification of Its Manipulation With EEG Signals;IEEE Transactions on Neural Systems and Rehabilitation Engineering;3,478;1973-1984;27;10;2019;Effect of acupuncture type;Acupuncture, Twirling-rotating, Lifting-thrusting;Data insights;30, 30;NS;Inter;NS;19;256;mai-30;NS;Other;NS;NS;No;NS;6;NS;NS;Classification Learner;NS;Accuracy, AUC;92;NS;Reimplemented;LR, NB, LDA, DT, BP, KNN, TSK;11;Private;0;NS;No
Zare;Iran;3;0;2;1;Automatic classification of 6-month-old infants at familial risk for language-based learning disorder using a support vector machine;Clinical Neurophysiology;3,614;2695-2703;127;7;2016;Diagnosis of language learning difficulties in children;Watch silent videos;Data insights;24;NS;Inter;Geodesic Sensor Net (EGI);62;250;Interpolation;Visual expert;Frequency;NS;Linear, quadratic, MLP, polynomial;No;NS;LOO;NS;NS;Matlab 2014a;NS;Accuracy, Precision, Specificity;79;NS;NS;NS;6;Private;0;NS;No
Zarei;Australia;4;4;0;0;A PCA aided cross-covariance scheme for discriminative feature extraction from EEG signals;Computer Methods and Programs in Biomedicine;3,424;47-57;146;;2017;Motor imagery;LH/RH/RF, LH/RH;Features selection;5;260, 210;Intra;NS;118, 118;100, 100;NS;NS;NS;NS;RBF;Gridsearch;NS;2;NS;NS;LS-SVMlab toolbox with Matlab 2010b;Z-score;Accuracy, Sensitivity, Specificity;99,32;NS;Reimplemented;MLP, LR;8;Public;Dataset IVa BCI Competition III, Dataset IVb BCI Competition III;NS;No
Zhang;China;11;11;0;0;Design of a Fatigue Detection System for High-Speed Trains Based on Driver Vigilance Using a Wireless Wearable EEG;Sensors;3,031;486;17;3;2017;Driving drowsiness detection;Driving;Improve BCI training;10;NS;Intra;64 BrainCap (Brain Products), Homemade;8;NS;NS;Wavelet;Frequency;NS;RBF;Gridsearch;Yes;3;NS;NS;Libsvm 3.20;Yes;Accuracy, Sensitivity, FP;90,7;NS;No;NS;11;Private;0;NS;Yes
Zhang;China;5;5;0;0;Covert Verb Reading Contributes to Signal Classification of Motor Imagery in BCI;IEEE Transactions on Neural Systems and Rehabilitation Engineering;3,478;45-50;26;1;2018;Motor imagery;RH/F;Data insights;8;72;Intra;64 EasyCap (Brain Products);NS;500;Highpass 8, Lowpass 13;Threshold;Other;NS;NS;No;NS;5;NS;NS;NS;NS;Accuracy;73,39;NS;No;NS;0;Private;0;NS;No
Zhdanov;Canada;26;3;20;3;Use of Machine Learning for Predicting Escitalopram Treatment Outcome From Electroencephalography Recordings in Adult Patients With Depression.;JAMA network open;5,032;e1918377;3;1;2020;;;;;;;;;;;;;;RBF;No;NS;10;NS;NS;;NS;Accuracy, Sensitivity, Specificity;82,4;;;;0;Private;0;NS;Yes
Zheng;China;3;3;0;0;EEG classification across sessions and across subjects through transfer learning in motor imagery-based brain-machine interface system.;Medical & Biological Engineering & Computing;1,82;1515--1528;58;7;2020;;;;;;;;;;;;;;NS;No;NS;sliding blocks;NS;NS;;NS;Accuracy;85,7;;;;23;Private;0;NS;No
