Origin of article;;;;;;;;;;;;;;;;;Domain of application;;;;Data;;;;;;;;;EEG processing;;;;;SVM methodology;;;;;;;;;Results;;;;;;Reproducibility;;;;;;;;;;
1st author;Country of 1st author affiliation;Nb authors;Nb authors affiliated to maths/engineering;Nb authors affiliated to neuro/medicine;Nb authors mixte;% authors maths;Accuracy;Equations;Journal;Type of journal;Impact factor;Pages;Volume;Issue;Year;Title;Data type;ClassifType;Task;Purpose;Quantity of data (total nb samples/subject);Quantity of data (total min recording/subject);Hardware;EEG nets;Nb channels;Sampling rate;Nb subjects;Data augmentation;Data split & crossval;Preprocessing;Artifact handling;Features;Features optimization/selection;Nb features;SVM type;Kernel;Optim yes/no;Optimization hyperparams;Hyperparameters;Software;Subject handling;Norm Yes No;Normalization;Performance metrics;Validation procedure;Statistical testing;Comparison of results;Other classifiers;Other features selection methods;Dataset;Dataset name;Code;Supplementary materials;;;;;;;
Acharya, U. Rajendra;Singapore;7;5;1;1;71,42857143;98;1;European Neurology;;4,387;79-83;74;1-2;2015;A Novel Depression Diagnosis Index Using Nonlinear Features in EEG Signals;Diagnostic dépression;Diagnostic;RSOE, RSCE;Features selection;2100;5;NS;NS;4;256;30 (15 N, 15 depressed);No;NS;Notch 47;Visual expert;Combination;Subset selection;15;NS;NS;No;No;NS;Matlab;Inter;NS;NS;Accuracy, sensitivity, specificity, ROC;NS;No;Reimplemented;KNN, NB, PNN, DT;No;Private;0;NS;Yes;;;;;;;
Aguiñaga, Adrian Rodriguez;Mexico;2;2;0;0;100;90,19;14;Health Informatics Journal;;1,833;146-170;24;2;2018;Emotional states recognition, implementing a low computational complexity strategy;Identification émotions;Emo;Watch video;Features selection;40;40;NS;NS;15;512;32;No;10-fold;Laplacian filter, Highpass 05, Lowpass 47;BSS;Frequency;Coefficients;NS;Normal;RBF, polynomial, MLP;No;No;NS;NS;Inter;NS;NS;Accuracy;NS;No;Reimplemented;RNN;No;Public;DEAP;NS;No;;;;;;;
Alazrai, Rami;Germany;4;4;0;0;100;88,4;19;Sensors;;3,031;2739;18;8;2018;EEG-Based Emotion Recognition Using Quadratic Time-Frequency Distribution;Identification émotions;Emo;Watch video;Features selection;40;40;NS;NS;32;128;32;No;10-fold;Highpass 4, Lowpass 45, AvgRef;BSS;Combination;NS;13;Normal;RBF;Yes;Gridsearch;NS;Libsvm;Intra;NS;NS;Accuracy, F1;NS;No;No;No;Channels, mRMR;Public;DEAP;NS;No;;;;;;;
Al-Fahad;USA;3;2;0;1;66,66666667;92;0;Journal of neural engineering;;4,551;16045;17;1;2020;Decoding of single-trial EEG reveals unique states of functional brain connectivity that drive rapid speech categorization decisions.;Catégorisation discours;Cognitif;;;;;;;;;;;train val test;;;;;;;RBF;Yes;Gridsearch;Yes;;;NS;NS;Accuracy, AUC;10-fold;;;;;Private;;NS;No;;;;;;;
Al-Kaysi, Alaa M.;Australia;7;2;5;0;28,57142857;92;0;Journal of Affective Disorders;;4,084;597-603;208;;2017;Predicting tDCS treatment outcomes of patients with major depressive disorder using automated EEG classification;Réaction dépressifs à tDCS;Soin;RSCE;Features selection;1;10;64 channels BrainAmp MR plus amplifier, EasyCap, Brain Products, Germany;EasyCap (Brain Products);62;2000;10;No;LOSO;Highpass 05, AvgRef;ICA;Frequency;Channels combinations;NS;NS;NS;No;No;NS;NS;Inter;NS;NS;Accuracy;NS;Wilcoxon signed rank test, ANOVA;Reimplemented;ELM, LDA;No;Private;0;NS;No;;;;;;;
Al-shargie, Fares;Malaysia;4;4;0;0;100;94,79;10;Medical & Biological Engineering & Computing;;1,82;125-136;56;1;2018;Towards multilevel mental stress assessment using SVM with ECOC: an EEG approach;Niveau de stress;Emo;Mental arithmetic;Improve classification;1;30;Discovery 24E system (BrainMaster Technologies Inc., Bedford, OH);Discovery (BrainMaster Technologies);7;256;18;No;NS;Highpass 05, Lowpass 30;ICA;Frequency;NS;840;ECOC;NS;No;No;NS;Matlab;Inter;Yes;Norm (-1, 1);Accuracy, sensitivity, specificity, PPV, NPV;NS;t test;No;No;t test channels + features;Private;0;NS;No;;;;;;;
Amin, Hafeez Ullah;Malaysia;5;5;0;0;100;99,11;18;Frontiers in Computational Neuroscience;;2,323;;11;;2017;Classification of EEG Signals Based on Pattern Recognition Approach;Niveau de stress;Emo;RAPM, MLCT, MMT;Features selection;36 and See other paper;NS and See other paper;See other paper and See other paper;NS;See other paper and 6;See other paper and 250;8 and 7;No;10-fold;See other paper;See other paper;Frequency;Subset selection;NS;NS;NS;No;No;NS;NS;Intra;Yes;z-score;Accuracy, sensitivity, specificity, precision, kappa statistics;NS;No;Other papers;No;No;Public and private;Reference;NS;No;;;;;;;
Andrade, João;Portugal;5;0;5;0;0;72;2;Journal of NeuroEngineering and Rehabilitation;;3,582;63;14;1;2017;Separability of motor imagery of the self from interpretation of motor intentions of others at the single trial level: an EEG study;Imagerie motrice;BCI;Self vs other motor imagery;Improve BCI training;60;NS;64 channels actiCHAMP amplifier, Brain Products, Germany;ActiCap( Brain Products);64;1000;20;No;5-fold;Notch 50, Highpass 8, Lowpass 13, Baseline, Threshold;ICA;Frequency;CSP, PCA;NS;NS;Linear;No;No;NS;Matlab;Intra;NS;NS;Accuracy;NS;Permutation test;Other papers;No;No;Private;0;NS;No;;;;;;;
Arevalillo-Herráez, Miguel;Spain;4;4;0;0;100;64;1;Sensors;;3,031;2999;19;13;2019;Combining Inter-Subject Modeling with a Subject-Based Data Transformation to Improve Affect Recognition from EEG Signals;Identification émotions;Emo;NS;Combine intra and inter subject classification;32, 18, 16, 32, 18, 14;NS;NS;NS;NS;NS;24, 5, 9, 16, 10, 7;No;NS;NS;NS;Frequency;NS;230, 230, 105;NS;RBF, polynomial;No;No;NS;Matlab;Intra, Inter, Combination;Yes;z-score, subject normalization;Accuracy;NS;Friedman test;Reimplemented;NB;No;Public;DEAP, MAHNOB-HCI, DREAMER;NS;No;;;;;;;
Arican, Murat;Turkey;2;2;0;0;100;91,125;22;Computer Methods and Programs in Biomedicine;;3,424;149-157;176;;2019;Pairwise and variance based signal compression algorithm (PVBSC) in the P300 based speller systems using EEG signals;P300 speller;BCI;P300 speller;Features selection;185;NS;NS;NS;8;240;2;No;10-fold;Highpass 01, Lowpass 20;NS;Other;Data compression;NS;LS-SVM;RBF;Yes;Toolbox;NS;Toolbox 1,8 De Brabenter;Intra;Yes;z-score;Accuracy;CV+test;Confidence interval;Reimplemented;LDA;No;Public;Dataset II BCI Competition III;NS;No;;;;;;;
Arsalan, Aamir;Pakistan;4;4;0;0;100;67,85;0;IEEE Journal of Biomedical and Health Informatics;;4,217;2257-2264;23;6;2019;Classification of Perceived Mental Stress Using A Commercially Available EEG Headband;Niveau de stress;Emo;RSOE;Features selection;1;6;Interaxon Muse headband;Muse (InteraXon);5;256;28;No;10-fold (1000 permuts), LOSO;Threshold on stat properties (mean power, STD, maxAmp, STDAmp, kurtosisAmp, skewnessAmp);On board noise cancellation with threshold;Combination;Subset selection;90;NS;Polynomial;No;No;C=1;NS;Inter;NS;NS;Accuracy, F1, kappa statistics;NS;NS;Reimplemented;NB, MLP;GA, mRMR, PSO, MIFS, MIFS-U, OFS-MI;Available;0;NS;No;;;;;;;
Arvaneh, Mahnaz;Singapore;3;3;0;0;100;82,28;13;IEEE Transactions on Biomedical Engineering;;4,491;1865-1873;58;6;2011;Optimizing the Channel Selection and Classification Accuracy in EEG-Based BCI;Imagerie motrice;BCI;LH/RH motor imagery, F/RH motor imagery;Improve channel selection;288, 280;NS;NS;NS;22, 118;NS;9, 5;No;NS;Highpass 8, Lowpass 35;NS;Frequency;RCSP;NS;NS;RBF;Yes;Gridsearch;NS;NS;Intra;NS;NS;Accuracy;NS;t test;No;No;FC, MI, SVM, rCSP;Public;Dataset IIa BCI Competition IV, Dataset Iva BCI Competition III;NS;No;;;;;;;
Aslam;Pakistan;2;2;0;0;100;73,14;19;IEEE transactions on biomedical circuits and systems;;4,042;838--851;14;4;2020;An On-Chip Processor for Chronic Neurological Disorders Assistance Using Negative Affectivity Classification.;;Emo;;;;;;;;;;;;;;;;;;Linear, RBF;No;No;NS;;;Yes;Yes;Accuracy, sensitivity, specificity;LOO;;;;;Public;DEAP, SEED;NS;No;;;;;;;
Aydemir, Onder;Turkey;2;2;0;0;100;91,12;11;Journal of Neuroscience Methods;;2,785;60-67;313;;2019;A robust and subject-specific sequential forward search method for effective channel selection in brain computer interfaces;Imagerie motrice;BCI;LH/RH motor imagery, up/down cursor imagery;Improve channel selection;60, 561;NS;NS;NS;30, 6;200, 256;29, 1;No;k-fold (100 permuts);NS;NS;Frequency;RSS-SFSM channel selection;NS;NS;NS;No;No;NS;NS;Intra;NS;NS;Accuracy;CV+test;No;Other papers;No;Fourier, statistics, CSP;Public;Reference, Dataset Ia BCI Competition II;NS;No;;;;;;;
Aydin, Serap;Turkey;4;3;1;0;75;85;13;International Journal of Neural Systems;;6,507;1550010;25;03;2015;Classification of Obsessive Compulsive Disorder by EEG Complexity and Hemispheric Dependency Measurements;TOC;Diagnostic;RSCE;Features selection;NS;NS;Neuroscan Synamps II (Neuroscan Products, Compumedics, USA);SynAmps2 (Neuroscan);19;250;20;No;2-fold (20 permuts);Highpass 05, Lowpass 70, Notch 50, Threshold;Visual expert;Frequency;Subset selection;NS;NS;RBF;Yes;Gridsearch;NS;NS;Inter;NS;NS;Accuracy, sensitivity, specificity, precision, F1;No;AUC;No;No;No;Private;0;NS;No;;;;;;;
Ayd?n, Serap;Turkey;3;0;3;0;0;99,81;0;Neuroscience Letters;;2,18;124-128;694;;2019;The impact of musical experience on neural sound encoding performance;Expérience musicale;Cognitif;Listen to musical piano chords;Data insights;NS;NS;Neuroscan Quick Cap (Neuroscan, Synamps 64, USA);QuickCap (NeuroScan);64, 13, 6;NS;36;No;10-fold;Highpass 05, Lowpass 48, Notch 50;NS;Combination;Subset selection;545, 545, 545;NS;RBF, Gaussian;Yes;Toolbox;NS;Matlab 2018b;Inter;NS;NS;Accuracy;No;ANOVA;Reimplemented;NB;No;Private;0;NS;No;;;;;;;
Bae, Youngoh;South Korea;4;2;1;1;50;90;8;Physiological Measurement;;2,246;759-773;38;5;2017;Automated network analysis to measure brain effective connectivity estimated from EEG data of patients with alcoholism;Diagnostic alcoolisme;Diagnostic;Watch pictures;Features selection;NS;2;ECI Electrocap International, Eaton, OH, USA;ElectroCap (Electrocap International);64;256;60;No;4-fold;Laplacian filter, AvgRef;NS;Frequency;Subset selection;NS;NS;Linear, polynomial, RBF;No;No;NS;NS;Inter;NS;NS;Accuracy;No;t test;No;No;No;Public;Reference;NS;No;;;;;;;
Bak, N;Denmark;9;1;8;0;11,11111111;74,3;0;Translational psychiatry;;5,182;e1087;7;4;2017;Two subgroups of antipsychotic-naive, first-episode schizophrenia patients identified with a Gaussian mixture model on cognition and electrophysiology.;Sous-groupe schizophrénie;Diagnostic;Copenhagen Psychophysiology Test Battery;Data insights;1;NS;Biosemi Hardware (Amsterdam, The Netherlands);ActiveTwo (Biosemi);64;NS;44;No;LOO;See Supplementary material;See supplementary material;Other;NS;NS;NS;Linear;No;No;C=100;Matlab 2013a;Inter;NS;NS;Accuracy;No;Permutation test;No;No;No;Private;0;Upon request;Yes;;;;;;;
B?lan, Oana;Romania;5;5;0;0;100;85,81;0;Sensors;;3,031;1738;19;7;2019;Fear Level Classification Based on Emotional Dimensions and Machine Learning Techniques;Niveau de peur;Emo;Watch video;Comparison of classification algorithms;40;40;NS;NS;32;128;32;Division of each trial in 4 parts;3-fold;NS;NS;Combination;Fischer selection, PCA, SFS;NS;NS;RBF;No;No;NS;NS;Intra;NS;NS;Accuracy, F1;No;No;Reimplemented;4 deep NN, stochastic, LDA, RF, KNN;No;Public;DEAP;NS;No;;;;;;;
Bamatraf, Saeed;Saudi Arabia;9;9;0;0;100;100;1;Computational Intelligence and Neuroscience;;2,154;1-11;2016;;2016;A System for True and False Memory Prediction Based on 2D and 3D Educational Contents and EEG Brain Signals;Mémoire contenu 2D vs 3D;Cognitif;Learning and recall educational content;Data insights;200;NS;Geodesic Hydrocel 128 channels;HCGSN (EGI);93;250;68;No;10-fold (10 permuts);Highpass 1, Lowpass 48;Visual expert, Gratton and Coles method;Other;Subset selection;NS;NS;RBF, polynomial;Yes;Gridsearch;NS;Libsvm;All;NS;NS;Accuracy;No;AUC;No;No;No;Private;0;NS;No;;;;;;;
Barayeu;Belarus;4;2;2;0;50;95,64;7;Biosensors;;3,24;124;10;9;2020;Robust Single-Trial EEG-Based Authentication Achieved with a 2-Stage Classifier.;;BCI;;;;;;;;;;;;;;;;;;RBF;Yes;Kernel autoscaling;NS;;;Yes;Yes;Accuracy, AUC, FAR, FRR;5-fold tvt;;;;;Public;EEG Motor Movement/Imagery Dataset (PhysioNet databank);Github;Yes;;;;;;;
Bashashati, Hossein;Canada;4;3;1;0;75;71,88;3;PloS one;;2,776;e0129435;10;6;2015;Comparing Different Classifiers in Sensory Motor Brain Computer Interfaces;Imagerie motrice;BCI;LH/RH/F motor imagery, LH/RH/F/Tongue motor imagery, LH/RH motor imagery, LH/RH motor imagery, Switch activation motor imagery;Comparison of classification algorithms;200, NS, NS, NS, NS;NS;NS;NS;59, 22, 3, 2, 10;NS;4, 9, 9, 3, 4;No;5-fold (5 permut);Filterbank, CSP;NS;Frequency;NS;NS;NS;RBF;Yes;Gridsearch;NS;NS;Intra;NS;NS;AUC;NS;Friedman test + Holm posthoc;Reimplemented;LDA, LR, RF, MLP, QDA, boosting algorithm;No;Public;Dataset I BCI Competition IV, Dataset IIa BCI Competition IV, Dataset IIb BCI Competition IV, Dataset III BCI Competition III, SM2;Github;No;;;;;;;
Batbat, Turgay;Turkey;3;2;1;0;66,66666667;88,89;8;Medical & Biological Engineering & Computing;;1,82;2069-2079;57;9;2019;Evaluation of divided attention using different stimulation models in event-related potentials;Attention divisée;Cognitif;Visual oddball, Auditory odball, Audiovisual oddball;Data insights;75;NS;Biopac MP150 system (Biopac systems, Santa Barbara, CA, USA);(Biopac);4;250;48;No;10-fold;Highpass 01, Lowpass 30;NS;Combination;Subset selection;Yes;NS;RBF;No;No;NS;WEKA;Intra;NS;NS;Accuracy, precision;NS;Kappa statistics;Reimplemented;MLP, LDA;No;Private;0;NS;No;;;;;;;
Betrouni, Nacim;France;8;0;8;0;0;84;0;Movement Disorders;;8,222;210-217;34;2;2019;Electroencephalography?based machine learning for cognitive profiling in Parkinson's disease: Preliminary results;Catégories Parkinson;Diagnostic;RSOE;Data insights;1;NS;Waveguard, ANT software BV, Enschede, The Netherlands;Waveguard Cap (ANT software);128;512;118;No;5-fold (5 permut);Notch 50, AvgRef;Gratton and Cole + semi-AAR;Other;Correlation selection;NS;NS;RBF;No;No;NS;Libsvm;Inter;Yes;z-score;Accuracy;TVT;No;Reimplemented;KNN, NB, PNN, DT;No;Private;0;NS;No;;;;;;;
Bian, Yan;China;6;6;0;0;100;89,45;7;Computers in Biology and Medicine;;2,286;266-273;96;;2018;Improvements in event-related desynchronization and classification performance of motor imagery using instructive dynamic guidance and complex tasks;Imagerie motrice;BCI;S-SW, S-DV, c-DV, C-DAV;Improve BCI training;200;NS;Neuroscan Synamps II (Neuroscan Products, Compumedics, USA);SynAmps2 (Neuroscan);64;200;11;No;10-fold (10 permuts);Highpass 05, Lowpass 40, Baseline, AvgRef;Visual expert;Frequency;CSP;NS;NS;NS;No;No;NS;Libsvm;Intra;NS;NS;Accuracy;NS;No;No;No;No;Private;0;NS;No;;;;;;;
Binias, Bartosz;Poland;3;3;0;0;100;69,32;4;Computational Intelligence and Neuroscience;;2,154;1-9;2018;;2018;A Machine Learning Approach to the Detection of Pilot’s Reaction to Unexpected Events Based on EEG Signals;Monitoring pilotes d'avions;Cognitif;VSSR;Neurofeedback;NS;NS;Emotiv EPOC+;EPOC (Emotiv);14;128;10;No;3-fold;Notch 50, Highpass 016, Lowpass 43, CSP;NS;Frequency;Subset selection;NS;Std;RBF;Yes;Gridsearch;Yes;Matlab;Intra;Yes;z-score;Accuracy;TVT;ANOVA;Reimplemented;LDA, KNN, RF, ANN;No;Private;0;NS;No;;;;;;;
Bocincova, Andrea;USA;2;0;2;0;0;91,4;0;Cortex;;4,314;196-209;111;;2019;The time course of encoding and maintenance of task-relevant versus irrelevant object features in working memory;Mémoire travail (relevant vs intrus);Cognitif;Working memory task;Data insights;NS;NS;64 channels Biosemi Active Two;ActiveTwo (Biosemi);64;256;12;No;10-fold (10 permuts);Highpass 4, Lowpass 34, Threshold;Automatic Artifact Detection;Frequency;SVM;NS;NS;NS;No;No;NS;Libsvm with Matlab;Intra;NS;NS;Accuracy;TVT;ANOVA;No;No;No;Private;0;NS;Preregistered method;;;;;;;
Bojorges-Valdez, Erik;Mexico;3;3;0;0;100;88;2;Computers in Biology and Medicine;;2,286;155-162;64;;2015;Evaluation of the continuous detection of mental calculation episodes as a BCI control input;Détection calcul mental;Cognitif;Mental computation, RSOE;Improve BCI training;NS;NS;g.USBamp system (g.tec medical engineering, Austria);g.USBamp (g.tec);4;512;15;No;20-fold;Highpass 01, Lowpass 40, AvgRef, Notch 60;NS;Frequency;Subset selection;NS;NS;NS;No;No;NS;Libsvm;Intra;NS;NS;AUC;TVT;NS;No;No;No;Private;0;NS;No;;;;;;;
Bosch, Paul;Chile;4;4;0;0;100;68,2;18;Behavioural Neurology;;0,96;1-15;2018;;2018;Mining EEG with SVM for Understanding Cognitive Underpinnings of Math Problem Solving Strategies;Identification stratégie calcul;Cognitif;Solve 20 math problems;Data insights;20;NS;64 channels Geodesic Sensor Net (EGI, USA);HCGSN (EGI);61;1000;14;No;Nested CV;AvgRef, Baseline;NS;Frequency;Fischer selection, RFE-SVM;1830;Std, TwinSVM, SOCP SVM;NS;Yes;Gridsearch;NS;Libsvm;All;NS;NS;Accuracy;Nested CV;NS;Reimplemented;TB-SVM, epsilon-SOCP;No;Private;0;NS;Yes;;;;;;;
Browarczyk;Poland;3;3;0;0;100;65,81;3;Sensors;;3,031;2403;20;8;2020;Analyzing the Effectiveness of the Brainâ€“Computer Interface for Task Discerning Based on Machine Learning;;BCI;;;;;;;;;;;;;;;;;;Linear;No;No;Yes;;;NS;NS;Accuracy, recall, precision, F1score;10-fold tvt;;;;;Public;DEAP;Available;No;;;;;;;
Cai, Hanshu;China;5;4;0;1;80;71,2;0;Interdisciplinary Sciences: Computational Life Sciences;;1,418;558-565;10;3;2018;Study on Feature Selection Methods for Depression Detection Using Three-Electrode EEG Data;Diagnostic dépression;Diagnostic;RSCE;Features selection;NS;NS;NS;NS;3;NS;265;No;10-fold;NS;NS;Other;WrapperSubsetEvaluation, CorrelationAttributeEvaluation, GainRatioAttributeEvaluation, PCA;NS;NS;NS;No;No;NS;NS;Inter;NS;NS;Accuracy;NS;NS;Reimplemented;KNN, NS, DT, LR, RF;No;Private;0;NS;No;;;;;;;
Cao, Zehong;Australia;6;0;3;3;0;76;0;Cephalalgia;;4,438;1296-1306;38;7;2018;Exploring resting-state EEG complexity before migraine attacks;Prédiction migraine;Pronostic;RSCE, RSOE;Data insights;1;NS;Mindo-4S (Hsinchu, Taïwan);Mindo 4S (Mindo);4;250;80;No;3-fold;Highpass 1, Lowpass 30;ACR;Other;NS;NS;NS;Linear, RBF;No;No;NS;Libsvm;All;NS;NS;Accuracy, Recall, Precision, F1;NS;ANOVA+Tukey posthoc;Reimplemented;LDA, NB, KNN, MLP;No;Private;0;NS;No;;;;;;;
Castelhano, João;Portugal;5;0;5;0;0;85;0;Clinical Neurophysiology;;3,614;981-989;129;5;2018;Stimulus dependent neural oscillatory patterns show reliable statistical identification of autism spectrum disorder in a face perceptual decision task;Diagnostic autisme;Diagnostic;Watching faces pictures;Data insights;NS;NS;40-channel NuAmps Quick Cap (Neuroscan Inc., El Paso, TX, USA);QuickCap (NeuroScan);30;1000;26;No;3-fold (1000 permuts);Highpass 1, Lowpass 90, Baseline, Threshold, AvgRef;AAR, ICA;Frequency;Subset selection;NS;NS;Linear;Yes;Yes;NS;Libsvm with Matlab 2013a;Inter;Yes;z-score;Accuracy, Specificity, Sensitivity, AUC;NS;NS;No;No;No;Private;0;NS;Yes;;;;;;;
Chen, Jichi;China;3;3;0;0;100;95,1;5;International Journal of Psychophysiology;;2,882;120-130;133;;2018;Assessment of driver drowsiness using electroencephalogram signals based on multiple functional brain networks;Détection somnolence conduite;Cognitif;Driving task;Features selection;120;NS;40-channel NuAmps Quick Cap (Neuroscan Inc., El Paso, TX, USA);QuickCap (NeuroScan);30;1000;15;No;k-fold;Highpass 001, Lowpass 70;Visual expert, Regression analysis;Frequency;Kruskal algorithm;NS;NS;RBF;No;No;NS;Matlab 2017a;Intra;NS;NS;Accuracy, Sensitivity, Specificity, Precision;NS;NS;Reimplemented;KNN, LR, DT;No;Private;0;NS;No;;;;;;;
Chen, Jichi;China;4;4;0;0;100;94,4;14;Neuropsychologia;;2,888;200-211;129;;2019;Exploring the fatigue affecting electroencephalography based functional brain networks during real driving in young males;Détection somnolence conduite;Cognitif;Driving task;Data insights;72;NS;Emotiv EPOC;EPOC (Emotiv);14;128;14;No;10-fold, LOSO;NS;NS;Frequency;NS;NS;NS;NS;No;No;NS;NS;All;NS;NS;Accuracy, Specificity, Sensitivity, False alarm rate;LOSO;NS;No;NS;No;Private;0;NS;No;;;;;;;
Chen, Min;China;3;3;0;0;100;98,8;9;Journal of Medical Systems;;2,415;1323-31;35;5;2011;Enabling fast brain-computer interaction by single-trial extraction of visual evoked potentials.;P300 speller;BCI;Visual target;Interaction with robots;168;NS;HP4400 BOXCAR;(BOXCAR);4;427;1;No;NS;Baseline, Threshold;Threshold;Other;NS;NS;nu-SVM;RBF;No;No;NS;OSU Matlab toolbox;Intra;Yes;Energy normalization;Accuracy;NS;NS;No;NS;No;Private;0;NS;No;;;;;;;
Choi, Jeong Woo;South Korea;2;1;1;0;50;86,03;5;Computational Intelligence and Neuroscience;;2,154;1-11;2019;;2019;Covert Intention to Answer “Yes” or “No” Can Be Decoded from Single-Trial Electroencephalograms (EEGs);Prédiction réponse oui/non;Cognitif;Answer questions;Data insights;200;NS;64-channel EasyCap, FMS, Munich, Germany;EasyCap (Brain Products);29;500;23;No;10-fold (10 permuts);Notch 60, Highpass 003, Lowpass 100, Baseline;Visual expert, ICA;Frequency;CSP;NS;NS;RBF;Yes;Trial/error;NS;NS;Intra;NS;NS;Accuracy;NS;NS;No;NS;No;Private;0;NS;Yes;;;;;;;
Costa, Álvaro;Spain;7;5;2;0;71,42857143;66,98;5;PloS one;;2,776;e0154136;11;4;2016;Decoding the Attentional Demands of Gait through EEG Gamma Band Features;BCI rééducation marche;BCI;Treadmill + 4 attention tasks;Data insights;3840;NS;g.GAMMAcap, g.Tec, GmbH, Austria;g.GAMMAcap (g.tec);32;1200;15;No;8-fold;Notch 50, Highpass 05, Lowpass100, Threshold;Interpolation, Visual expert;Frequency;Battacharyya distance;NS;NS;RBF;Yes;Previous work;C=512, sigma = 0,002;NS;Intra;NS;NS;Accuracy;NS;Müller-Putz method;Reimplemented;NB, DT, LDA, KNN;No;Private;0;NS;No;;;;;;;
Das, Koel;USA;3;0;3;0;0;69,73;7;NeuroImage;;5,812;1425-1437;51;4;2010;Predicting variations of perceptual performance across individuals from neural activity using pattern classifiers;Prédiction perf perception;Cognitif;Watch faces and cars pictures;Comparison of classification algorithms;1000;NS;NS;NS;64;512;20;No;10-fold (10 permuts);Baseline, Highpass 001, Lowpass 100, Threshold;Visual expert;Other;NS;NS;NS;Linear;No;No;NS;NS;All;NS;NS;AUC;NS;Pearson's linear correlation, Spearman rank correlation;Reimplemented;CPCA, LDA;No;Private;0;NS;No;;;;;;;
Ding;China;5;5;0;0;100;96,4;3;Ergonomics;;2,19;896--908;63;7;2020;Measurement and identification of mental workload during simulated computer tasks with multimodal methods and machine learning.;Niveau de charge mentale;Cognitif;;;;;;;;;;;;;;;;;;NS;No;No;NS;;;Yes;z-score;Accuracy, recall, precision;10-fold;;;;;Private;0;NS;No;;;;;;;
Ding, Xinfang;China;6;3;3;0;50;77,52;0;Journal of Affective Disorders;;4,084;156-161;251;;2019;Classifying major depression patients and healthy controls using EEG, eye tracking and galvanic skin response data;Diagnostic dépression;Diagnostic;Watch videos;Data insights;1;NS;MUSE EEG headband (InteraXon, Ontario, Canada);Muse (InteraXon);4;220;348;No;80-20 no CV;Highpass 2, Lowpass 36, Notch 50, Threshold;NS;Frequency;NS;NS;NS;NS;No;No;NS;NS;Inter;NS;NS;Accuracy, Recall, Precision, F1;NS;NS;Reimplemented;RF, LR;No;Private;0;NS;No;;;;;;;
Dong, Enzeng;China;6;6;0;0;100;64,4;25;Medical & Biological Engineering & Computing;;1,82;1809-1818;55;10;2017;Classification of multi-class motor imagery with a novel hierarchical SVM algorithm for brain–computer interfaces;Imagerie motrice;BCI;LH, RH, F, Tongue;Features selection;288;NS;NS;NS;22;250;1;No;5-fold;Highpass 3, Lowpass 34;NS;Frequency;CSP + OVO/OVR;NS;Hierarchical SVM;RBF;Yes;Gridsearch;NS;Libsvm;Intra;NS;NS;Accuracy;NS;NS;No;No;No;Public;Dataset IIa BCI Competition IV;NS;No;;;;;;;
Dong, Suh-Yeon;South Korea;3;3;0;0;100;75,5;1;IEEE Transactions on Cybernetics;;10,387;2535-2542;46;11;2016;EEG-Based Classification of Implicit Intention During Self-Relevant Sentence Reading;Détecteur mensonges P300;Cognitif;Agree or disagree while reading sentences;Data insights;74;NS;BrainCap (Brain Products, GmbH, Germany);BrainCap (Brain Products);32;500;9;No;5-fold;Notch 60, Highpass 1, AvgRef;ICA, Visual expert;Frequency;Fischer selection;NS;NS;Linear, RBF;Yes;Gridsearch;NS;Libsvm;All;NS;NS;Accuracy;TVT;NS;No;No;No;Private;0;NS;No;;;;;;;
Eldeeb;USA;6;6;0;0;100;84;3;Scientific Reports;;4,122;20755;10;1;2020;EEG-based trial-by-trial texture classification during active touch.;Texture toucher;BCI;;;;;;;;;;;;;;;;;;Linear, RBF, polynomial;No;No;NS;;;Yes;Yes;Accuracy, sensitivity;10-fold;Permutation test;;;;Private;0;NS;Yes;;;;;;;
Fan;China;5;0;5;0;0;80;1;Technology and Health Care;;0,787;67--80;28;S1;2020;Assessment of mental workload based on multi-physiological signals.;Niveau de charge mentale;Cognitif;;;;;;;;;;;;;;;;;;Polynomial, RBF, sigmoïde;Yes;Gridsearch;Yes;;;Yes;Yes;Accuracy;k-fold tvt;;;;;Private;0;NS;No;;;;;;;
Fu;China;4;4;0;0;100;98,57;16;Journal of Medical Systems;;2,415;110;44;6;2020;Intentions Recognition of EEG Signals with High Arousal Degree for Complex Task.;Reconnaissance d'intentions;Cognitif;;;;;;;;;;;;;;;;;;Gaussian;No;No;Yes;;;Yes;Yes;Accuracy, AUC;10-fold;;;;;Private;0;NS;No;;;;;;;
Gao, Jun-feng;China;10;1;7;2;10;94,61;0;Scientific Reports;;4,122;37065;6;1;2016;Exploring time- and frequency- dependent functional connectivity and brain networks during deception with single-trial event-related potentials;Détecteur mensonges P300;Cognitif;Tell truth or lie;Data insights;NS;NS;32 channels Synamps amplifier (Neuroscan, Charlotte, NC, USA);SynAmps (Neuroscan);12;500;32;No;10-fold;Threshold;Autoregressive model;Frequency;NS;NS;NS;RBF;Yes;Gridsearch;NS;NS;Intra;NS;NS;Accuracy;NS;NS;No;No;No;Private;0;NS;No;;;;;;;
Gao, Zhong-Ke;China;6;6;0;0;100;87,88;10;Chaos: An Interdisciplinary Journal of Nonlinear Science;;2,643;073119;29;7;2019;Characterization of SSMVEP-based EEG signals using multiplex limited penetrable horizontal visibility graph;SSMVEP;Cognitif;SSMVEP;Data insights;40;NS;64 channels EEGCap, Synamps 2, Neuroscan;SynAmps2 (Neuroscan);8;1000;10;No;NS;Notch 50, Highpass 1, Lowpass 40;ICA;Other;NS;NS;NS;NS;No;No;NS;NS;Intra;NS;NS;Accuracy;NS;t test;No;No;No;Private;0;NS;No;;;;;;;
Gram, M.;Denmark;4;0;4;0;0;72;0;European Journal of Pain;;3,188;1552-1561;19;10;2015;Machine learning on encephalographic activity may predict opioid analgesia;Réaction analgésie opioïde;Soin;RSOE, tonic pain;Data insights;1;NS;62-channel cap (Quick Cap International, Neuroscan, El Paso, TX, USA);QuickCap (NeuroScan);62;NS;39;No;LOSO;AvgRef, Notch 50, Highpass 1, Lowpass 70;Interpolation, Visual expert;Frequency;Joint MI;NS;NS;Linear;No;No;C=1;Libsvm with Matlab 2012a;Intra;NS;NS;Accuracy;NS;NS;No;No;No;Private;0;NS;No;;;;;;;
Gu;China;6;4;2;0;66,66666667;75;4;Neuroscience;;3,244;93--109;436;;2020;EEG-based Classification of Lower Limb Motor Imagery with Brain Network Analysis.;Imagerie motrice;BCI;;;;;;;;;;;;;;;;;;RBF;No;No;NS;;;Yes;Yes;Accuracy;10-fold 100 permut;Permutation test;;;;Private;0;NS;No;;;;;;;
Guo, Jing;China;3;3;0;0;100;85;0;IEEE transactions on neural systems and rehabilitation engineering;;3,478;230-5;18;3;2010;An auditory brain-computer interface using active mental response.;Sélection auditive de chiffres;Cognitif;Digit sequences, voice sequences;Data insights;NS;NS;Electrocap (Neuroscan);(Neuroscan);30;20;14;No;5-fold;Highpass 1, Lowpass 10, Baseline;NS;Raw;NS;NS;NS;NS;No;No;NS;Matlab;Intra;NS;NS;Accuracy;NS;NS;No;No;No;Private;0;NS;No;;;;;;;
Gursel Ozmen, Nurhan;Turkey;3;2;1;0;66,66666667;91,85;2;Computational and Mathematical Methods in Medicine;;1,018;1-10;2018;;2018;A Biologically Inspired Approach to Frequency Domain Feature Extraction for EEG Classification;Discrimination tâches mentales (repos, calcul mental, imagerie mainD, mainG, visualisation lettre A);Cognitif;RS, mental computation, LH, RH, letter;Features selection;1000;NS;64 channel Biosemi Active Two;ActiveTwo (Biosemi);4;512;6;No;4-fold (100 permuts);Lowpass 50;NS;Frequency;NS;NS;NS;RBF;No;No;NS;NS;Intra;NS;NS;Accuracy;NS;NS;Reimplemented;LDA;No;Private;0;NS;No;;;;;;;
Höller, Yvonne;Austria;13;1;12;0;7,692307692;100;1;Frontiers in Aging Neuroscience;;4,504;;9;;2017;Combining SPECT and Quantitative EEG Analysis for the Automated Differential Diagnosis of Disorders with Amnestic Symptoms;Diagnostic différentiel pathologies amnésiantes;Diagnostic;RSCE;Brain-imagery (SPECT-EEG);NS;NS;10-20 Stellate Harmonic Routine EEG system (Natus);Stellate (Natus);17;200;220;No;10-fold;Highpass 2, Lowpass 80;NS;Other;Subset selection;NS;NS;Linear;No;No;NS;Matlab 2016b;Inter;NS;NS;Accuracy, Sensitivity, Specificity;TVT;t test, Wilcoxon signed rank test, Fischer discriminant+Bonferroni posthoc;No;No;No;Private;0;NS;No;;;;;;;
Hou, Hui-Rang;China;3;3;0;0;100;98,9;8;Journal of Neuroscience Methods;;2,785;108599;334;;2020;Odor-induced emotion recognition based on average frequency band division of EEG signals;Identification émotions;Emo;Smell 13 odors;Features selection;NS;NS;Cerebus System (Blackrock, Microsystems, USA);Cerebus (Blackrock);30;1000;11;No;2-fold (10 permuts);Highpass 05, Lowpass 70;NS;Frequency;NS;NS;NS;RBF;Yes;Gridsearch;NS;NS;All;NS;NS;Accuracy, Precision, Recall, F1;NS;Kappa statistics;Reimplemented;KNN, NB, V-ELM, BPNN;No;Private;0;NS;No;;;;;;;
Houmani, Nesma;France;7;3;3;1;42,85714286;91,6;7;PloS one;;2,776;e0193607;13;3;2018;Diagnosis of Alzheimer’s disease with Electroencephalography in a differential framework;Diagnostic Alzheimer;Diagnostic;RSOE;Features selection;1;NS;NS;NS;30;256;169;No;LOSO;NS;NS;Other;OFR+Random probe method;NS;NS;Polynomial;No;No;NS;NS;Inter;Yes;z-score;Accuracy;NS;NS;No;No;No;Private;0;NS;No;;;;;;;
Hsu, Wei-Yen;Taïwan;1;1;0;0;100;88,6;11;International journal of neural systems;;6,507;335-50;21;4;2011;Continuous EEG signal analysis for asynchronous BCI application.;Imagerie motrice;BCI;Lfinger, Rfinger, rest;Features selection;240;NS;NS;NS;13;256;5;No;NS;Highpass 8, Lowpass 30;ICA, Correlation coefficient;Other;NS;NS;NS;Polynomial;No;No;NS;NS;Intra;NS;NS;Accuracy, Sensitivity, Specificity, AUC, Recognized accuracy;NS;NS;No;No;No;Private;0;NS;No;;;;;;;
Hu, Jianfeng;China;2;2;0;0;100;80;0;Cognitive Neurodynamics;;2,42;431-440;12;4;2018;Automated detection of driver fatigue based on EEG signals using gradient boosting decision tree model;Détection somnolence conduite;Cognitif;Driving task;Comparison of classification algorithms;300;NS;NS;NS;32;1000;22;No;10-fold;Highpass 015, Lowpass 45;NS;Other;NS;NS;NS;RBF;No;No;C=1, sigma = 2;NS;Intra;Yes;Norm(0, 1);Accuracy;NS;NS;Reimplemented;KNN, NN, GBDT;No;Private;0;NS;No;;;;;;;
Iacoviello, Daniela;Italy;4;1;3;0;25;90,2;9;Computer Methods and Programs in Biomedicine;;3,424;293-303;122;3;2015;A real-time classification algorithm for EEG-based BCI driven by self-induced emotions;Identification émotions;Emo;RSCE, Remember disgusting odor;Features selection;200;NS;wireless ENOBIO EEG/ERP acquisition system (ENOBIO NE);wireless ENOBIO (ENOBIO NE);8;500;10;No;10-fold;Highpass 1, Lowpass 46;NS;Other;PCA;NS;NS;RBF;No;No;NS;Libsvm 3.18;Intra;Yes;z-score;Accuracy;TVT;NS;No;No;No;Private;0;NS;No;;;;;;;
Iacoviello, Daniela;Italy;4;1;3;0;25;;9;IEEE Transactions on Cybernetics;;10,387;3171-3180;46;12;2016;A Classification Algorithm for Electroencephalography Signals by Self-Induced Emotional Stimuli;Identification émotions;Emo;RSCE, Remember disgusting odor;Features selection;200;NS;wireless ENOBIO EEG/ERP acquisition system (ENOBIO NE);wireless ENOBIO (ENOBIO NE);8;500;10;No;10-fold;Highpass 1, Lowpass 46;NS;Frequency;PCA;NS;NS;RBF;Yes;Gridsearch;NS;Libsvm 3.19;Intra;Yes;z-score;Accuracy;TVT;NS;Other papers;No;No;Private;0;NS;No;;;;;;;
Ibrahim, Ibrahim Amer;Malaysia;3;3;0;0;100;84;1;The Journal of International Advanced Otology;;0,735;87-93;15;1;2019;A Novel Approach for Classifying Native Chinese and Malay Speaking Persons According to Cortical Auditory Evoked Responses;Discrimination sinophones/malaiphones;;Listen to vowels;Comparison of classification algorithms;NS;NS;wireless ENOBIO EEG/ERP acquisition system (ENOBIO NE);wireless ENOBIO (ENOBIO NE);4;500;17;No;4-fold;Highpass 2, Lowpass 40;NS;Other;NS;NS;NS;RBF;No;No;NS;NS;Inter;NS;NS;Accuracy;TVT;NS;No;No;No;Private;0;NS;No;;;;;;;
Ieracitano, Cosimo;Italy;4;3;1;0;75;91,88;14;Neural Networks;;7,197;176-190;123;;2020;A novel multi-modal machine learning based approach for automatic classification of EEG recordings in dementia;Diagnostic AD et MCI;Diagnostic;RSCE;Data insights;NS;NS;NS;NS;19;NS;1889;No;3-fold (10 permuts);Notch 50, Highpass 05, Lowpass 32;Visual expert;Frequency;NS;NS;NS;NS;No;No;NS;NS;Inter;NS;NS;Accuracy, Precision, Recall, F1;NS;NS;Reimplemented;MLP, AE, LR;No;Private;0;NS;No;;;;;;;
Islam, Md Rabiul;Japan;3;3;0;0;100;86,54;23;Journal of Neural Engineering;;4,551;046021;15;4;2018;Multiband tangent space mapping and feature selection for classification of EEG during motor imagery;Imagerie motrice;BCI;LH, RH, F, idle/LH, RH, F, Tongue/LH, RH/LH, RH, F, Tongue;Features selection;400, 240, 540, 288;NS;NS;NS;29, 60, NS, 22;128, 250, 125, 250;5, 3, 2, 9;No;NS;Notch 50, Highpass 7, Lowpass 30;CSP;Other;MI, PCA, ANOVA;NS;NS;Linear;No;No;NS;NS;Intra;NS;NS;Accuracy;NS;NS;No;No;No;Public;JK-HH1, Dataset IIIa BCI Competition III, Dataset IIIb BCI Competition III, Dataset IIa BCI Competition IV;NS;No;;;;;;;
Jahmunah, V.;Singapore;7;5;1;1;71,42857143;92,91;0;Artificial Intelligence in Medicine;;3,574;101698;100;;2019;Automated detection of schizophrenia using nonlinear signal processing methods;Diagnostic schizophrénie;Diagnostic;RSCE;Features selection;NS;NS;32 channel SynAmps (Neuroscan);SynAmps2 (Neuroscan);19;250;28;No;10-fold;NS;NS;Other;NS;NS;NS;RBF, polynomial 1st, 2nd, 3rd order;No;No;NS;NS;Inter;NS;NS;Accuracy, Sensitivity, Specificity, PPV;TVT;NS;Reimplemented;DT, LDA, KNN, PNN;No;Private;0;NS;No;;;;;;;
Jahromy;Iran;3;0;0;3;0;68,3;4;Journal of Integrative Neuroscience;;1,139;293;18;3;2019;Statistical algorithms for emotion classification via functional connectivity;Identification émotions;Emo;Watch video;Data insights;40;40;32 channel Biosemi;ActiveTwo (Biosemi);32;256;32;No;NS;NS;NS;Other;NS;NS;NS;Linear;No;No;NS;NS;All;NS;NS;Accuracy;NS;NS;No;No;No;Public;DEAP;NS;No;;;;;;;
Jawed, Soyiba;Malaysia;4;3;1;0;75;100;3;Frontiers in Behavioral Neuroscience;;3,104;;13;;2019;Classification of Visual and Non-visual Learners Using Electroencephalographic Alpha and Gamma Activities;Discrimination apprenants visuels/non-visuels;;Watch video, RAPM;Data insights;NS;NS;128 HydroCel EGI;HCGSN (EGI);128;250;34;No;10-fold;05-48, Elim bad channels;Surrogate model BESA software;Frequency;PCA;NS;NS;Linear;No;No;NS;NS;Inter;NS;NS;Accuracy;NS;NS;Reimplemented;KNN;No;Private;0;NS;No;;;;;;;
Ji;China;4;4;0;0;100;95,1;12;Brain Sciences;;15,071;201;9;8;2019;EEG Signals Feature Extraction Based on DWT and EMD Combined with Approximate Entropy;Imagerie motrice;BCI;Cursor moving;Features selection;NS;NS;NS;NS;3;250;9;No;NS;N50, 8-32;NS;Other;NS;NS;NS;Chosen by gridsearch;Yes;Gridsearch;NS;NS;Intra;NS;NS;Accuracy;NS;NS;No;No;No;Public;Dataset IIb BCI Competition IV;NS;No;;;;;;;
Jin, Jing;China;6;5;0;1;83,33333333;91,9;10;Neural Networks;;7,197;262-270;118;;2019;Correlation-based channel selection and regularized feature optimization for MI-based BCI;Imagerie motrice;BCI;Cursor moving, LH/RH, LH/RH;Features selection;200, 280, variable;NS;NS;NS;59, 118, 60;100, 100, 250;7, 5, 3;No;10-fold;8-30;NS;Other;regularizedCSP;NS;NS;RBF;No;No;C=1, sigma=1;Libsvm;Intra;NS;NS;Accuracy;NS;NS;No;No;No;Public;Dataset I BCI Competition IV, Dataset IVa BCI Competition III, Dataset IIIa BCI Competition III;NS;No;;;;;;;
Jo;South Korea;2;2;0;0;100;65;6;Sensors;;3,031;2694;20;9;2020;Prediction of Visual Memorability with EEG Signals: A Comparative Study.;Mémoire de contenus média;Cognitif;;;;;;;;;;;;;;;;;;RBF;No;No;Yes;;;NS;NS;Accuracy, sensitivity, specificity;10-fold;;;;;Private;0;NS;No;;;;;;;
Joadder, Md. A. Mannan;Bangladesh;4;4;0;0;100;99;11;Health Information Science and Systems;;4,5;15;7;1;2019;A performance based feature selection technique for subject independent MI based BCI;Imagerie motrice;BCI;RF/RH;Features selection;280;NS;NS;NS;118;100;5;No;LOSO;8-30;NS;Combination;Subset selection;NS;NS;NS;No;No;NS;Matlab 2018b;Intra;NS;NS;Accuracy;NS;NS;Reimplemented;LDA, KNN, DT;No;Public;Dataset IVa BCI Competition III;NS;No;;;;;;;
Jochumsen, Mads;Denmark;6;0;6;0;0;multiclass;0;Computational Intelligence and Neuroscience;;2,154;1-8;2017;;2017;Classification of Hand Grasp Kinetics and Types Using Movement-Related Cortical Potentials and EEG Rhythms;Imagerie motrice;BCI;Detection of movement intention;Features selection;NS;NS;33 channels QuickCap, Neuroscan, NuAmps Express, Compumedics, Neuroscan;QuickCap (NeuroScan);25;500;29;No;10-fold;005-45, threshold;NS;Combination;Subset selection;NS;NS;Linear;No;No;NS;NS;All;NS;NS;Accuracy;NS;NS;Reimplemented;LDA;PCA, None;Private;0;NS;No;;;;;;;
Jochumsen, Mads;Denmark;6;4;1;1;66,66666667;82;1;Journal of Neural Engineering;;4,551;056003;12;5;2015;Comparison of spatial filters and features for the detection and classification of movement-related cortical potentials in healthy individuals and stroke patients;Imagerie motrice;BCI;4 type of palmar grasp;Features selection;NS;NS;32 channels QuickCap, Neuroscan, NuAmps Express, Compumedics, Neuroscan;QuickCap (NeuroScan);9;500;30;No;LOO;005-10, 4 spatial filters;NS;Combination;Subset selection;NS;NS;Linear;No;No;NS;NS;All;NS;NS;Accuracy;NS;ANOVA;No;No;No;Private;0;NS;No;;;;;;;
Jochumsen, Mads;Denmark;5;4;0;1;80;75;1;Journal of Neural Engineering;;4,551;056013;12;5;2015;Detecting and classifying movement-related cortical potentials associated with hand movements in healthy subjects and stroke patients from single-electrode, single-trial EEG;Imagerie motrice;BCI;4 type of palmar grasp;Data insights;4;NS;EEG amplifiers, NuAmps Express, Neuroscan 9elecs;(Neuroscan);1;500;20;No;3-fold;005-10, threshold;NS;Other;NS;NS;NS;Linear;No;No;NS;NS;All;NS;NS;Accuracy;TVT;ANOVA + Tukey posthoc;No;No;No;Private;0;NS;No;;;;;;;
Jrad, N;China;7;3;0;4;42,85714286;80,71;5;Journal of neural engineering;;4,551;056004;8;5;2011;TITRE ET REF A CHANGER;P300 speller + SSVEP;BCI;P300, SSVEP;Improve BCI training;50;NS;34 channels QuickCap, Neuroscan, NuAmps Express, Compumedics, Neuroscan;QuickCap (NeuroScan);10, 8;250;12;No;NS;01-10, 4-20;NS;Frequency;NS;NS;NS;NS;No;No;NS;NS;Inter;NS;NS;Accuracy;NS;NS;No;No;No;Private;0;NS;No;;;;;;;
Kakkos, Ioannis;Greece;5;5;0;0;100;96;9;Medical & Biological Engineering & Computing;;1,82;573-587;58;3;2020;A condition-independent framework for the classification of error-related brain activity;Reconnaissance d'erreurs ERP;Cognitif;Error related ERPs, Audiostim;Data insights;80;NS;Biosemi ActiveTwo System, 32 channels;ActiveTwo (Biosemi);7;256;12;No;LOSO;005-35, AvgRef, Baseline;Visual expert;Other;Subset selection;NS;SMO, LS, QP;Linear, RBF, quadratic, MLP, polynomial;No;No;NS;NS;All;NS;NS;Accuracy, Sensitivity, Specificity;NS;NS;Reimplemented;LDA, KNN;No;Private;0;NS;Yes;;;;;;;
Kalatzis, I;Greece;6;4;2;0;66,66666667;94;18;Computer methods and programs in biomedicine;;3,424;11-22;75;1;2004;Design and implementation of an SVM-based computer classification system for discriminating depressive patients from healthy controls using the P600 component of ERP signals.;Diagnostic dépression;Diagnostic;P600 Digitspan Weschlertest;Features selection;NS;NS;NS;NS;15;500;50;No;LOSO;NS;NS;Other;Subset selection;NS;NS;Linear, RBF, polynomial;Yes;Yes;C = 500, sigma = 0,45;NS;Inter;NS;NS;Accuracy, Sensitivity, Specificity;NS;NS;No;No;No;Private;0;NS;No;;;;;;;
Ke, Yufeng;China;9;9;0;0;100;87;0;International Journal of Psychophysiology;;2,882;157-166;98;2;2015;Towards an effective cross-task mental workload recognition model using electroencephalography based on feature selection and support vector machine regression;Niveau de charge mentale;Cognitif;Cross task mental workload recognition;Features selection;NS;NS;Neuroscan NuAmps 40 channels QuickCap;QuickCap (NeuroScan);30;1000;NS;No;NS;NS;Visual expert, ICA;Frequency;RFE;NS;NS;Linear;No;No;NS;Libsvm with Matlab;All;Yes;Z-score;F1;TVT;ANOVA, t-tests;No;No;No;Private;0;NS;No;;;;;;;
Ketenci, Seniha;Turkey;2;2;0;0;100;80,7;11;Journal of Experimental Neuroscience;;2,55;117906951982873;13;;2019;Investigation of Theta Rhythm Effect in Detection of Finger Movement;Imagerie motrice;BCI;RH alpha fingers extension;Features selection;500;NS;Brain-Quick 32;QuickCap (NeuroScan);19;250;4;No;2-fold (50 permut);N50, AvgRef, Laplacian;NS;Frequency;PCA, H jorth parameters;NS;NS;NS;No;No;NS;Matlab;All;NS;NS;Accuracy;NS;NS;No;No;No;Private;0;NS;No;;;;;;;
Khatun, Saleha;USA;3;3;0;0;100;87,9;0;IEEE Transactions on Neural Systems and Rehabilitation Engineering;;3,478;1063-1070;27;5;2019;A Single-Channel EEG-Based Approach to Detect Mild Cognitive Impairment via Speech-Evoked Brain Responses;Diagnostic MCI;Diagnostic;MCI detection 5 auditory speech;Data insights;1;NS;SynAmps RT-EEG Amplifiers Compumedics Neuroscan;SynAmps (Neuroscan);1;20000;23;No;LOO;Baseline, 005-30, GA;Threshold;Combination;RF, Top25;NS;NS;RBF;Yes;Gridsearch;C=10^2, sigma = 10^3;fitcsvm with Matlab;Inter;NS;NS;Accuracy, Sensitivity, Specificity, F1;NS;NS;Reimplemented;LR;No;Private;0;NS;No;;;;;;;
Kim;South Korea;3;3;0;0;100;93,27;0;Sensors;;3,031;6365;20;21;2020;An Investigation of Insider Threat Mitigation Based on EEG Signal Classification.;Gestion de menace;Emo;;;;;;;;;;;;;;;;;;RBF;No;No;NS;;;Yes;z-score;Accuracy, sensitivity, specificity, precision;3-fold, 2000 permuts;;;;;Private;0;NS;No;;;;;;;
Kim, Hyeonseok;Japan;3;3;0;0;100;85;0;Frontiers in Human Neuroscience;;2,87;;13;;2019;Classification of Movement Intention Using Independent Components of Premovement EEG;Imagerie motrice;BCI;Move cursor;Improve BCI training;NS;NS;Quick-30 Dry EEG Headset (Cognionics, Inc., San Diego, CA, USA);Quick-30 (Cognionics);30;100;6;No;8-fold;1.5-4;Visual expert, ICA;Other;NS;NS;NS;NS;No;No;NS;Matlab;Intra;NS;NS;Accuracy;NS;t-test;No;No;No;Private;0;NS;No;;;;;;;
Kim, Hyeonseok;Japan;3;3;0;0;100;figs;0;Frontiers in Neuroscience;;3,648;;13;;2019;Characteristics of Kinematic Parameters in Decoding Intended Reaching Movements Using Electroencephalography (EEG);Imagerie motrice;BCI;Reach movement (30 type);Data insights;NS;NS;NS;NS;64;100;8;No;5-fold;1-49;Visual expert, ICA;Combination;ANOVA;NS;NS;Linear;No;No;NS;Matlab 2017a;Intra;NS;NS;Accuracy;NS;Permutation test;No;No;No;Private;0;NS;No;;;;;;;
Kirar, Jyoti Singh;India;2;2;0;0;100;94,9;16;Journal of Medical Systems;;2,415;78;42;5;2018;Relevant Feature Selection from a Combination of Spectral-Temporal and Spatial Features for Classification of Motor Imagery EEG;Imagerie motrice;BCI;Detection of movement intention;Features selection;260, 200;NS;NS;NS;118, 59;100, 100;5, 7;No;10-fold (10 permuts);005-200, 005-200;NS;Combination;CVSTSCSP;NS;RFE SVM;RBF;Yes;Gridsearch;C=100, sigma=10;NS;Intra;NS;NS;Accuracy;TVT;NS;Reimplemented;LDA;Euclidean distance, correlation, MI, Fischer;Public;Dataset Ia BCI Competition IV, Dataset IVa BCI Competition III;NS;No;;;;;;;
Knoth, Inga Sophia;Canada;10;0;10;0;0;65,2;0;Journal of Neurodevelopmental Disorders;;3,45;4;10;1;2018;Auditory repetition suppression alterations in relation to cognitive functioning in fragile X syndrome: a combined EEG and machine learning approach;Diagnostic neurotypiques (X fragile);Diagnostic;2 syllabs pseudowords to hear;Data insights;18;119;128 EGI;HCGSN (EGI);100;250;39;No;LOSO;1-50, AvgRef;Threshold, ICA, Visual expert;Other;NS;NS;NS;RBF;No;No;NS;Matlab 6.1 2000;All;NS;NS;Accuracy;NS;Binomial cumulative distribution, Bonferroni;Reimplemented;KNN, LDA;No;Private;0;NS;Yes;;;;;;;
Krumpe, Tanja;Germany;5;5;0;0;100;74,73;0;Biological Psychology;;2,627;163-172;139;;2018;Unity and diversity in working memory load: Evidence for the separability of the executive functions updating and inhibition using machine learning;Niveau de charge mentale;Cognitif;P300;Data insights;NS;NS;Acticap Brain Products;ActiCap( Brain Products);17;500;22;No;10-fold;04-40, AvgRef, Baseline;Threshold, ICA;Combination;NS;NS;NS;Linear;No;No;C=1;Matlab 2015b;All;NS;NS;Accuracy;NS;Permutation test;No;No;No;Private;0;NS;No;;;;;;;
Kuo, Chung-Hsien;Taïwan;5;5;0;0;100;90,25;11;Computational Intelligence and Neuroscience;;2,154;1-13;2018;;2018;Wireless Stimulus-on-Device Design for Novel P300 Hybrid Brain-Computer Interface Applications;SSVEP + P300 auditive;Cognitif;P300, SSVEP;Improve classification;NS;NS;V-amp EasyCap (Brain Products, Germany);ActiCap( Brain Products);5;500;18;No;NS;4-20;NS;Other;NS;NS;NS;RBF;No;No;NS;NS;All;NS;NS;NS;NS;NS;No;No;No;Private;0;NS;No;;;;;;;
Lai;Malaysia;4;2;2;0;50;100;2;Sensors;;3,031;5234;20;18;2020;Classification of Non-Severe Traumatic Brain Injury from Resting-State EEG Signal Using LSTM Network with ECOC-SVM.;Monitoring;Diagnostic;;;;;;;;;;;;;;;;;;NS;No;No;NS;;;NS;NS;Accuracy;LOO;;;;;Private;0;NS;No;;;;;;;
Lee;South Korea;3;3;0;0;100;87,27;10;Sensors;;3,031;5576;20;19;2020;Improvement of P300-Based Brain-Computer Interfaces for Home Appliances Control by Data Balancing Techniques.;;BCI;;;;;;;;;;;;;;;;;;RBF;No;No;Yes;;;Yes;z-score;Accuracy, recall, precision, F1score;train-select-test;;;;;Private;0;NS;No;;;;;;;
Levitt;USA;16;0;16;0;0;82,5;0;NeuroImage;;5,812;117256;223;;2020;Pain phenotypes classified by machine learning using electroencephalography features.;Classification douleur;Diagnostic;;;;;;;;;;;;;;;;;;RBF;Yes;Gridsearch;NS;;;NS;NS;Accuracy, AUC;10-fold;;;;;Private;0;NS;No;;;;;;;
Li;China;8;8;0;0;100;89,5;19;Sensors;;3,031;3028;20;11;2020;Enhancing BCI-Based Emotion Recognition Using an Improved Particle Swarm Optimization for Feature Selection.;;BCI;;;;;;;;;;;;;;;;;;Linear;No;No;Yes;;;Yes;Yes;Accuracy;5-fold;;;;;Public;0;NS;No;;;;;;;
Li, Fenglian;China;7;5;2;0;71,42857143;96;9;Journal of Medical Systems;;2,415;39;44;2;2020;Multi-Feature Fusion Method Based on EEG Signal and its Application in Stroke Classification;Imagerie motrice (AVC ischémique vs hémorragique);BCI;Stroke signal;Comparison of classification algorithms;346;NS;NS;NS;8;100;NS;No;5-fold;0-35;NS;Other;Subset selection, PCA;NS;NS;NS;No;No;NS;NS;Inter;NS;NS;Accuracy;NS;NS;Reimplemented;DT, RF;No;Private;0;NS;No;;;;;;;
Li, Mingai;China;4;4;0;0;100;99,86;10;Computational Intelligence and Neuroscience;;2,154;1-12;2019;;2019;An Improved Refined Composite Multivariate Multiscale Fuzzy Entropy Method for MI-EEG Feature Extraction;Imagerie motrice;BCI;LH/RH, RH/RF;Features selection;280, 260;NS;NS;NS;3, 118;NS, 100;1, 5;No;10-fold (10 permuts);05-30, 8-32;NS;Other;Channels selection;NS;NS;RBF;Yes;Gridsearch;NS;NS;Intra;NS;NS;Accuracy;NS;Kappa statistics;No;NS;No;Public;Dataset III BCI Competition II, Dataset IVa BCI Competition III;NS;No;;;;;;;
Li, Qi;China;5;5;0;0;100;92;14;Technology and Health Care;;0,787;469-482;26;3;2018;Training set extension for SVM ensemble in P300-speller with familiar face paradigm;P300 speller;BCI;NS;Improve classification;6300;448;NeuroScan Amp (SynAmps 2);SynAmps2 (Neuroscan);14;64;17;Superimpose and average 2 trials of 2 sequences;6-Fold;001-30, Baseline;NS;NS;NS;NS;NS;RBF;Yes;Gridsearch;Yes;NS;All;NS;NS;Accuracy;NS;ANOVA;No;NS;No;Private;0;NS;No;;;;;;;
Li, Xiaowei;China;5;5;0;0;100;88,1;0;Journal of Medical Systems;;2,415;187;39;12;2015;Mild Depression Detection of College Students: an EEG-Based Solution with Free Viewing Tasks;Diagnostic dépression;Diagnostic;Watching faces pictures;Features selection;30;NS;128 channels EGI (GSN);HCGSN (EGI);128;250;18;No;NS;N50, 05-70;NS;Other;Correlation-based featured selection;NS;NS;NS;No;No;NS;NS;Inter;NS;NS;Accuracy, AUC;NS;NS;Reimplemented;KNN, LR, NB, RF;No;Private;0;NS;No;;;;;;;
Li, Xiaowei;China;4;4;0;0;100;85,67;0;Computer Methods and Programs in Biomedicine;;3,424;151-161;136;;2016;EEG-based mild depressive detection using feature selection methods and classifiers;Diagnostic dépression;Diagnostic;Watching faces pictures;Features selection;NS;NS;128 channels Hydrocel Geodesic Sensor Net (EGI);HCGSN (EGI);16;250;20;No;LOSO;N50, 05-70;ICA;Other;Best first, Greedy stepwise, Genetic search, Lin forward selection, Rank search;NS;NS;Linear, RBF, polynomial;No;No;NS;Weka;Inter;NS;NS;Accuracy, AUC;NS;t-test, Bonferroni;Reimplemented;BN, LR, KNN, RF;No;Private;0;NS;No;;;;;;;
Liang, Zhenhu;China;8;2;6;0;25;92,3;16;IEEE Transactions on Neural Systems and Rehabilitation Engineering;;3,478;399-408;28;2;2020;Constructing a Consciousness Meter Based on the Combination of Non-Linear Measurements and Genetic Algorithm-Based Support Vector Machine;Niveau de conscience;Cognitif;RSOE;Features selection;NS;NS;BrainAmp, Brain Products, Germany, 32 channels, Bissystem Covidien;BrainCap (Brain Products);5;100;70;No;5-fold (10 permutation);N50, 01-47, T;Threshold, Wavelets;Other;NS;NS;GA-SVM;RBF;Yes;Genetic algorithm;NS;Matlab 2014a;Inter;NS;NS;Accuracy, Sensitivity, Specificity;NS;ANOVA;No;NS;No;Private;0;NS;No;;;;;;;
Liao, Shih-Cheng;Taïwan;5;3;2;0;60;81,23;14;Sensors;;3,031;1385;17;6;2017;Major Depression Detection from EEG Signals Using Kernel Eigen-Filter-Bank Common Spatial Patterns;Diagnostic dépression;Diagnostic;RSOE;Features selection;NS;NS;QuickCap32, Neuroscan Inc., Charlotte, NC, USA;QuickCap (NeuroScan);8;500;24;No;LOSO;4-44;NS;Frequency;Kernel PCA;NS;NS;RBF;Yes;LOPO-CV+gridsearch;NS;NS;All;NS;NS;Accuracy;NS;NS;Reimplemented;LDA, KNN;No;Private;0;NS;No;;;;;;;
Lin, Yuan-Pin;Taïwan;7;6;1;0;85,71428571;82,29;1;IEEE transactions on bio-medical engineering;;4,491;1798-806;57;7;2010;EEG-based emotion recognition in music listening.;Identification émotions;Emo;Music listening;Improve classification;480;NS;32 Neuroscan;(NeuroScan);24;500;26;No;10-fold (10 permuts);N60;NS;Frequency;Systematic search;NS;NS;RBF;No;No;NS;Libsvm;All;Yes;0-1;NS;NS;NS;No;No;No;Private;0;NS;No;;;;;;;
Liu, Shuang;China;10;6;0;4;60;72,5;6;Frontiers in Human Neuroscience;;2,87;;12;;2018;Incorporation of Multiple-Days Information to Improve the Generalization of EEG-Based Emotion Recognition Over Time;Identification émotions;Emo;Watch emotional videos;Improve classification;NS;360;60 channels EEG cap Neuroscan SynAmps²;SynAmps2 (Neuroscan);60;500;17;No;5-fold (5 permut);01-100;ICA;Frequency;RFE;NS;NS;NS;No;No;NS;Libsvm;Intra;NS;NS;Accuracy, Sensitivity;NS;NS;No;No;No;Private;0;NS;No;;;;;;;
Liu, Shuang;China;9;9;0;0;100;85,71;5;International Journal of Psychophysiology;;2,882;29-37;96;1;2015;Randomly dividing homologous samples leads to overinflated accuracies for emotion recognition;Identification émotions;Emo;Emotional pictures;Features selection;NS;180;Neuroscan NuAmps 40 channels QuickCap;QuickCap (NeuroScan);30;1000;10;No;10-fold;1-45;ICA;Frequency;RFE;NS;NS;RBF;No;No;NS;Libsvm;Intra;NS;NS;Accuracy;NS;NS;No;No;No;Private;0;NS;No;;;;;;;
Liu, Weifeng;China;4;0;1;3;0;89,17;3;Computer Assisted Surgery;;1,961;258-266;22;sup1;2017;Exploring differences between left and right hand motor imagery via spatio-temporal EEG microstate;Imagerie motrice;BCI;LH/RH;Features selection;24;NS;NS;NS;22;250;9;No;10-fold;8-15, AvgRef;ICA;Other;NS;NS;NS;Linear, RBF, polynomial;No;No;NS;NS;All;NS;NS;AUC;TVT;NS;No;No;No;Public;Dataset IIa BCI Competition IV;NS;Yes;;;;;;;
Liu, Xin;China;7;7;0;0;100;88,07;6;Technology and Health Care;;0,787;459-469;26;;2018;Human emotion classification based on multiple physiological signals by wearable system;Identification émotions;Emo;Watch emotional videos;Features selection;36;NS;V-amp EasyCap (Brain Products, Germany);ActiCap( Brain Products);16;NS;6;No;NS;1-60, N50, Baseline;Hilbert-Huang transformation;Combination;NS;NS;NS;Linear;No;No;NS;NS;Intra;NS;NS;NS;NS;NS;No;No;No;Private;0;NS;No;;;;;;;
Lopez-Garcia;Spain;5;1;4;0;20;92;6;International Journal of Neural Systems;;6,507;2050024;30;7;2020;Multivariate Pattern Analysis Techniques for Electroencephalography Data to Study Flanker Interference Effects.;Contrôle comportement;Cognitif;;;;;;;;;;;;;;;;;;RBF;Yes;Gridsearch;NS;;;Yes;z-score;Accuracy, AUC;5-fold;;;;;Private;0;NS;No;;;;;;;
Ludwig, Simone A.;USA;2;2;0;0;100;73,2;7;Medical & Biological Engineering & Computing;;1,82;2143-2154;55;12;2017;Investigation of different classifiers and channel configurations of a mobile P300-based brain–computer interface;P300 speller;BCI;P300 speller;Improve BCI training;NS;NS;EPOC+ Emotiv wireless headset;EPOC (Emotiv);14;128;14;No;NS;016-45, AvgRef, Electrode Threshold;Winsor method;NS;NS;NS;LS SVM;Linear;Yes;Line search;NS;NS;Intra;Yes;Z-score;Accuracy;NS;NS;Reimplemented;Stepwise LDA, Bayesian LDA, Fischer LDA, Multilayer feed-forward NN;No;Private;0;NS;No;;;;;;;
Luo;China;6;6;0;0;100;-;15;Computer Methods and Programs in Biomedicine;;2,424;105464;193;;2020;Motor imagery EEG classification based on ensemble support vector learning.;Imagerie motrice;BCI;;;;;;;;;;;;;;;;;;NS;No;No;NS;;;NS;NS;Kappa;5-fold;;;;;Public;0;NS;No;;;;;;;
Luo, Jing;China;4;4;0;0;100;kappa;22;Journal of Neuroscience Methods;;2,785;98-107;323;;2019;Class discrepancy-guided sub-band filter-based common spatial pattern for motor imagery classification;Imagerie motrice;BCI;LH/RH;Features selection;NS;NS;NS;NS;3;250;9, 9;No;5-fold;05-100, N50;Visual expert;Other;NS;NS;NS;Linear;Yes;Bayesian;Yes;Matlab 2018a;Intra;NS;NS;NS;NS;Kappa statistics;No;NS;VS CSP;Public;Dataset IIa BCI Competition IV, Dataset IIb BCI Competition IV;NS;No;;;;;;;
Ma;China;2;2;0;0;100;0,56;17;Computational and Mathematical Methods in Medicine;;1,018;2801015;2020;;2020;EEG Signal and Feature Interaction Modeling-Based Eye Behavior Prediction Research.;Monitoring;Diagnostic;;;;;;;;;;;;;;;;;;NS;No;No;NS;;;NS;NS;Accuracy, precision, recall, F1score;NS;;;;;Private;0;NS;No;;;;;;;
Ma, Yuliang;China;6;5;0;1;83,33333333;97;22;Computational and Mathematical Methods in Medicine;;1,018;1-8;2016;;2016;Classification of Motor Imagery EEG Signals with Support Vector Machines and Particle Swarm Optimization;Imagerie motrice;BCI;RH/RF, LH/RH;Improve classification;NS;NS;NS;NS;59;100;5;No;NS;NS;NS;Other;NS;NS;PSO SVM;RBF;Yes;Particle Swarm;Yes;NS;Intra;NS;NS;Accuracy;NS;NS;NS;NS;No;Public;Dataset IVa BCI Competition III;NS;No;;;;;;;
Mahato;India;4;2;2;0;50;96,02;21;Journal of Medical Systems;;2,415;118;44;7;2020;Detection of Depression and Scaling of Severity Using Six Channel EEG Data.;Diagnostic dépression;Diagnostic;;;;;;;;;;;;;;;;;;NS;No;No;NS;;;NS;NS;Accuracy, sensitivity, specificity;NS;;;;;Private;0;NS;No;;;;;;;
Mahato, Shalini;India;2;2;0;0;100;88,33;17;Journal of Medical Systems;;2,415;28;44;1;2020;Classification of Depression Patients and Normal Subjects Based on Electroencephalogram (EEG) Signal Using Alpha Power and Theta Asymmetry;Diagnostic dépression;Diagnostic;RS;Features selection;NS;NS;NS;NS;19;256;60;No;10-fold (100 permuts);05-32, N50, AvgRef;ICA;Frequency;Multicuster feature selection;NS;NS;RBF;No;No;NS;Matlab 2015a;Inter;Yes;min-max normalisation;Accuracy, Sensitivity, Specificity;NS;NS;Reimplemented;LR, NB, DT;No;Public;Mumtaz;NS;No;;;;;;;
Malan, Nitesh Singh;India;2;2;0;0;100;80,7;7;Computers in Biology and Medicine;;2,286;118-126;107;;2019;Feature selection using regularized neighbourhood component analysis to enhance the classification performance of motor imagery signals;Imagerie motrice;BCI;LH/RH;Features selection;280;NS;NS;NS;3, 3;128;1, 9;No;5-fold;Highpass 05, Lowpass30;Treshold;Frequency;Neighbourhood CA;NS;NS;Custom;No;No;NS;Matlab 2018a;Intra;NS;NS;Accuracy, Precision, Recall,  Sensitivity, Specificity, F1;NS;Kappa statistics,  Friedman, Wilcoxon;NS;NS;GA, PCA, Relief F;Public;Dataset III BCI Competition II, Dataset IIb BCI Competition IV;NS;No;;;;;;;
Mohagheghian, F;Iran;7;0;5;1;0;100;9;Journal of Biomedical Physics and Engineering;;1,34;;9;6;2019;Computer-Aided Tinnitus Detection based on Brain Network Analysis of EEG Functional Connectivity;Diagnostic acouphènes;Diagnostic;RSOE;Data insights;18;NS;G.HI amp (g.tech);g.HI amp (g.tec);64;1200;8;No;LOO;Highpass 2,Lowpass 50 Avg Ref;Visual Expert, ICA;Frequency;PCA;NS;NS;RBF;No;No;NS;Matlab 2016a;Inter;NS;NS;Accuracy, Sensitive, Specificity;NS;NS;NS;NS;No;Private;0;NS;No;;;;;;;
Mohan, Dhanya Menoth;Singapore;11;2;9;0;18,18181818;95;5;PloS one;;2,776;e0148332;11;2;2016;Effect of Subliminal Lexical Priming on the Subjective Perception of Images: A Machine Learning Approach;Perception visuelle;Cognitif;Images;Features selection;1;NS;32 Hydrocel GSN(EGI);HCGSN (EGI);32;250;40;No;LOSO;Lowpass 01 Highpass 30, Avg Ref, Baseline, Interpolation;ICA, Visual expert;Combination;LFDA (Local Fisher DA);NS;NS;RBF;Yes;Gridsearch;Yes;NS;All;Yes;Z-score, ACE;NS;NS;NS;NS;NS;No;Private;0;NS;No;;;;;;;
Mohseni, Mahdieh;Iran;4;0;2;2;0;88,9;2;Computer Methods and Programs in Biomedicine;;3,424;105076;183;;2020;Upper limb complex movements decoding from pre-movement EEG signals using wavelet common spatial patterns;Imagerie motrice;BCI;5 task finger;Features selection;NS;NS;G.GAMMAcap, guger, Technologies Austria;g.GAMMAcap (g.tec);10;512;9;No;10-fold;Highpass 03, Lowpass 70, N50, Avg Ref;BSS;Frequency;CSP;NS;NS;NS;No;No;NS;Matlab 2016a;All;Yes;Norm(0, 1);Accuracy;NS;1 test;NS;KNN, LDA;No;Private;0;NS;No;;;;;;;
Mondini, Valeria;Italy;3;3;0;0;100;69,34;5;Computational Intelligence and Neuroscience;;2,154;1-14;2016;;2016;EEG-Based BCI System Using Adaptive Features Extraction and Classification Procedures;Imagerie motrice;BCI;Imagining Skillful mouvement;Features selection;NS;NS;Brain box ECG-1166 amp;BrainBox (Braintronics);11;126;10;No;NS;Highpass 8, Lowpass 30, Avg Ref ;Visual expert;NS;NS;NS;NS;Linear;No;No;C=1;LabVIEW;Intra;NS;NS;NS;NS;NS;NS;NS;No;Private;0;NS;Yes;;;;;;;
Mumtaz, Wajid;Malaysia;4;3;1;0;75;98;15;Medical & Biological Engineering & Computing;;1,82;233-246;56;2;2018;A machine learning framework involving EEG-based functional connectivity to diagnose major depressive disorder (MDD);Diagnostic dépression;Diagnostic;RSOE, RSCE;Comparison of classification algorithms;NS;NS;NS;NS;19;256;60;No;10-fold (10permuts);Highpass 0 Lowpass 70, N50, Avg Ref;BSS;Other;Subset selection;NS;NS;Linear;No;No;Yes;NS;Inter;Yes;Z-score;Accuracy, Sensitive, Specificity, F1;TVT;NS;NS;LR, NB;No;Private;0;NS;No;;;;;;;
Mumtaz, Wajid;Malaysia;5;5;0;0;100;98;12;Artificial Intelligence in Medicine;;3,574;79-89;84;;2018;An EEG-based functional connectivity measure for automatic detection of alcohol use disorder;Diagnostic alcoolisme;Diagnostic;RSOE, RSCE;Comparison of classification algorithms;NS;NS;NS;NS;19;256;60;No;10-fold (10permuts);Highpass 0 Lowpass 70, N50, Avg Ref;BSS;Other;Subset selection;NS;NS;Linear;No;No;Yes;NS;Inter;Yes;Z-score;Accuracy, Sensitive, Specificity, F1;TVT;NS;NS;LR, NB;No;Private;0;NS;No;;;;;;;
Muukkonen, I.;Finland;4;0;4;0;0;58;0;NeuroImage;;5,812;116531;209;;2020;Spatio-temporal dynamics of face perception;Reconnaissance émotions visages;Emo;Watching faces pictures;NS;2;NS;Biosemi ActiveTwo 64;ActiveTwo (Biosemi);64;200;17;No;LOSO;Highpass 01 Lowpass 81, AvgRef, Interpolation;Cleanline plugin;Temporal, raw;NS;NS;L2-norm;Linear;No;No;C=1;Libsvm with Matlab 2018a;All;NS;NS;Accuracy;NS;Wilcoxon ;NS;NS;No;Private;0;NS;Yes;;;;;;;
Padilla-Buritica, Jorge I.;Spain;3;3;0;0;100;62,5;16;Frontiers in Computational Neuroscience;;2,323;;10;;2016;Emotion Discrimination Using Spatially Compact Regions of Interest Extracted from Imaging EEG Activity;Identification émotions;Emo;Watching Images DEAP music videos;Features selection;NS;NS;Biosemi ActiveTwo 32;ActiveTwo (Biosemi);32;128;32;No;LOO;Highpass 4;ICA;Other;PCA;NS;NS;RBF;No;No;NS;NS;Intra;NS;NS;Accuracy;NS;NS;NS;NS;No;Public;DEAP;NS;No;;;;;;;
Petrantonakis, P.C.;Greece;2;2;0;0;100;100;22;IEEE Transactions on Information Technology in Biomedicine;;2,493;186-197;14;2;2010;Emotion Recognition From EEG Using Higher Order Crossings;Identification émotions;Emo;Pictures;Features selection;1;NS;G.Nobilab( g.tech, guger);g.Nobilab( g.tec);3;256;16;No;4-fold (10permuts);Highpass 05, Lowpass 30;NS;Temporal;NS;NS;NS;Polynomial;No;No;p=5;Matlab 2008a;All;Yes;Z-score;Accuracy;NS;NS;NS;QDA, KNN, Mahalandors distance HOC-EE;No;Private;0;NS;No;;;;;;;
Piryatinska, Alexandra;USA;3;2;1;0;66,66666667;81,07;26;Computer Methods and Programs in Biomedicine;;3,424;131-139;152;;2017;Binary classification of multichannel-EEG records based on the ?-complexity of continuous vector functions;Diagnostic schizophrénie;Diagnostic;RS;Features selection;NS;NS;NS;NS;16;128;84;No;10-fold;Highpass 05, Lowpass 45;Visual Expert;NS;NS;NS;NS;NS;No;No;NS;R;Inter;NS;NS;Accuracy, FP, FN;NS;NS;NS;RF;Frequency;Public;Link;NS;No;;;;;;;
Plewan, Thorsten;Germany;4;0;4;0;0;85;0;PloS one;;2,776;e0152864;11;3;2016;Classifying Response Correctness across Different Task Sets: A Machine Learning Approach;Identification erreurs;Cognitif;Letters;Data insights;200;NS;Quick Amp, Brain Products, Gilching 63;BrainCap (Brain Products);5;500;20;No;10-fold;Highpass 05, Lowpass 25;ICA, Threshold;NS;NS;NS;NS;RBF;Yes;Gridsearch (nested);NS;Libsvm with Matlab;Intra;Yes;Norm (-1, 1);Accuracy;NS;Permutation test;NS;NS;No;Private;0;NS;No;;;;;;;
Raheel, Aasim;Pakistan;3;3;0;0;100;75;0;Computers in Biology and Medicine;;2,286;103469;114;;2019;A study on the effects of traditional and olfaction enhanced multimedia on pleasantness classification based on brain activity analysis;Identification émotions;Emo;Watch movie;Features selection;NS;NS;MUSE EEG headband;Muse (InteraXon);4;256;20;No;10-fold;NS;NS;Frequency;Subset selection;NS;SMO;Polynomial;No;No;p=1;NS;All;NS;NS;Accuracy, Sensitive, Specificity, Precision, Recall, F1;NS;NS;NS;NS;No;Private;0;NS;No;;;;;;;
Rahman, M. M.;Bangladesh;3;3;0;0;100;93,16;11;Brain Informatics;;1,067;1-12;5;1;2018;An efficient scheme for mental task classification utilizing reflection coefficients obtained from autocorrelation function of EEG signal;Discrimination tâches mentales;Cognitif;NS;NS;NS;NS;NS;NS;NS;NS;NS;No;LOO;NS;NS;NS;NS;NS;NS;Quadratic (try of quadratic, linear, polynomial);No;No;NS;NS;Intra;NS;NS;Accuracy;NS;NS;NS;NS;No;Public;Link Keirn Aunon;NS;No;;;;;;;
Rahman, M. M.;Bangladesh;2;2;0;0;100;95,34;16;BioMed Research International;;2,197;1-11;2017;;2017;Mental Task Classification Scheme Utilizing Correlation Coefficient Extracted from Interchannel Intrinsic Mode Function;Discrimination tâches mentales;Cognitif;NS;Features selection;NS;NS;NS;NS;NS;250;NS;No;LOO;Highpass 01, Lowpass 100, N60;NS;Other;NS;NS;NS;Polynomial (try of quadratic, linear, polynomial);No;No;NS;NS;Intra;NS;NS;Accuracy;NS;NS;NS;NS;No;Public;Link Keirn Aunon;NS;No;;;;;;;
Ramzan, Munaza;India;2;2;0;0;100;69,5;18;International Journal of Neuroscience;;1,848;1085-1093;129;11;2019;Learning-based classification of valence emotion from electroencephalography;Identification émotions;Emo;Watching Images DEAP  40 music videos;Comparison of classification algorithms;1280;NS;NS;NS;32;NS;6;No;5-fold;NS;NS;Frequency;RFE, MRA, Pearson's X²;NS;NS;RBF;No;No;NS;Libsvm;Intra;NS;NS;Accuracy, Sensitive, Specificity, Precision, F1;NS;NS;Reimplemented+Other papers;KNN, RF, DT, NB, NN;No;Private;0;NS;No;;;;;;;
Rathee, Dheeraj;United Kingdom;4;4;0;0;100;85,19;15;IEEE Transactions on Neural Systems and Rehabilitation Engineering;;3,478;2461-2471;25;12;2017;Current Source Density Estimation Enhances the Performance of Motor-Imagery-Related Brain–Computer Interface;Imagerie motrice;BCI;LH/RH/2F/T;Impact of reference;NS;NS;NS;NS;10;NS;9;No;NS;Different referents, different spatial filters, different bandpass;NS;Frequency;NS;NS;NS;Linear;No;No;NS;Matlab 8.1;Intra;Yes;Norm (0,1);Accuracy;NS;Wilcoxon;NS;NS;No;Public;Dataset IIa BCI Competition IV;NS;No;;;;;;;
Rodpongpun;Thailand;3;3;0;0;100;-;4;Computational and Mathematical Methods in Medicine;;1,018;8573754;2020;;2020;Influential Factors of an Asynchronous BCI for Movement Intention Detection.;;BCI;;;;;;;;;;;;;;;;;;NS;Yes;Gridsearch;NS;;;Yes;z-score;F1score, recall, precision;NS;;;;;Available;0;NS;No;;;;;;;
Roy, Rinku;India;4;2;2;0;50;97,2;6;Medical & Biological Engineering & Computing;;1,82;2095-2107;56;11;2018;A fingertip force prediction model for grasp patterns characterised from the chaotic behaviour of EEG;Imagerie motrice;BCI;Fingertip grasp;Data insights;290;NS;G.HI amp (g.tech, Graz, Austria);g.HI amp (g.tec);29;256;20;No;2-fold;Highpass 001, Lowpass 60, N50, Laplacian;NS;Frequency;NS;NS;NS;Polynomial;No;No;NS;Matlab 2016b;All;NS;NS;Accuracy;NS;NS;NS;NS;No;Private;0;NS;No;;;;;;;
Saeed;Pakistan;5;3;1;0;60;85,2;8;Sensors;;3,031;1886;20;7;2020;EEG based Classification of Long-term Stress Using Psychological Labeling.;Niveau de stress;Emo;;;;;;;;;;;;;;;;;;NS;Yes;Gridsearch;NS;;;NS;NS;Accuracy, Kappa, F1score, mean absolute error, root mean absolute error;10-fold;;;;;Private;0;NS;No;;;;;;;
Sai, Chong Yeh;Malaysia;5;4;1;0;80;99,1;7;IEEE Journal of Biomedical and Health Informatics;;4,217;664-670;22;3;2018;Automated Classification and Removal of EEG Artifacts With SVM and Wavelet-ICA;Repos (de-artifacting);;RSOE;Artifact removal;5000;NS;g.USBamp system (g.tec medical engineering, Austria);g.USBamp (g.tec);16;256;10;No;5-fold;Highpass 05, Lowpass 100, N50;Wavelets+ICA;ICA;NS;NS;NS;Linear;No;No;C=10;Labview;All;NS;NS;Accuracy, Sensitive, Specificity;NS;NS;NS;NS;No;Private;0;NS;No;;;;;;;
Salvaris, M;United Kingdom;2;2;0;0;100;figs;5;Journal of Neural Engineering;;4,551;046011;6;4;2009;Visual modifications on the P300 speller BCI paradigm;P300 speller;BCI;P300 speller;Comparison of classification algorithms;NS;168;Biosemi ActiveTwo 64;ActiveTwo (Biosemi);8;512;8;No;5-fold;Highpass 01, Lowpass 30;NS;Raw;NS;NS;NS;RBF;Yes;Toolbox;NS;Libsvm;Intra;Yes;z-score;Accuracy;NS;Wilcoxon + Bonferroni, Friedman;Reimplemented;LDA;No;Private;0;NS;No;;;;;;;
Sánchez-González, Alain;Spain;4;2;2;0;50;81,94;0;Bio-Medical Materials and Engineering;;0,993;S1569-S1578;26;s1;2015;Patient prognosis based on feature extraction, selection and classification of EEG periodic activity;Pronostic épilepsie;Pronostic;RS;Data insights;15;84;Neurofax (Nihon-Kohden, Rosbach, Germany), 32 Ch;Neurofax (Nihon Kohden);32;50;10;No;5-fold (100 permuts);Highpass 03, Lowpass 40, Notch 50;Threshold;Combination;Wilcoxon method;NS;NS;Linear, RBF;No;No;Yes;NS;Intra;Yes;Norm(0,1);Accuracy, AUC;NS;Mahn-Whitney;Reimplemented;DT;No;Private;0;NS;No;;;;;;;
Seo;South Korea;4;4;0;0;100;non reportée;3;Sensors;;3,031;7212;20;24;2020;EEG-Based Emotion Classification for Alzheimer's Disease Patients Using Conventional Machine Learning and Recurrent Neural Network Models.;;Diagnostic;;;;;;;;;;;;;;;;;;NS;No;No;NS;;;NS;NS;Accuracy;5-fold 1000 permuts;;;;;Private;0;NS;No;;;;;;;
Sereshkeh, Alborz Rezazadeh;Canada;4;1;1;2;25;75,9;0;International Journal of Neural Systems;;6,507;1750033;27;08;2017;Online EEG Classification of Covert Speech for Brain–Computer Interfacing;Prédiction réponse oui/non;Cognitif;RSOE, questions;Improve BCI training;200;930;Brain Amp DC Amplifier 64;BrainCap (Brain Products);62;1000;12;Oversampling;10-fold;Highpass 05, Lowpass 50;ADJUST;Frequency;Fast-correlation-based filter;NS;NS;Linear;No;No;NS;NS;Intra;NS;NS;Accuracy, Sensivity, Specificity;NS;NS;No;NS;No;Private;0;NS;No;;;;;;;
ShafiulHasan;USA;6;6;0;0;100;76,41;9;Journal of NeuroEngineering and Rehabilitation;;3,582;50;17;1;2020;Prediction of gait intention from pre-movement EEG signals: a feasibility study.;;BCI;;;;;;;;;;;;;;;;;;NS;Yes;Yes;NS;;;NS;NS;Accuracy, sensitivity, specificity;10-fold;;;;;Available;0;NS;No;;;;;;;
Shalbaf, Ahmad;Iran;4;1;3;0;25;94,11;11;Journal of Clinical Monitoring and Computing;;1,935;;;;2019;Monitoring the level of hypnosis using a hierarchical SVM system;Niveau de conscience;Cognitif;RSOE;Comparison of classification algorithms;NS;NS;GE Electronics System;(GE);1;NS;17;No;LOO;NS;NS;Other;NS;NS;Hierarchical SVM;RBF;Yes;Trial/error;Yes;Matlab;Intra;NS;NS;NS;NS;NS;Reimplemented;MLP;No;Private;0;NS;No;;;;;;;
Shan, Haijun;China;2;2;0;0;100;94,1;7;BioMedical Engineering OnLine;;2,013;93;14;1;2015;A novel channel selection method for optimal classification in different motor imagery BCI paradigms;Imagerie motrice;BCI;LH/RH, cursor moving, cursor moving;Features selection;180, 180, 280;767, 806;NS;NS;59, 59, 62;100, 200, 200;8,8;No;10-fold;Highpass 5, Lowpass 35;NS;Relief, Frequency Relieff;NS;NS;NS;RBF;No;No;NS;NS;Intra;Yes;min-max;Accuracy;NS;NS;No;NS;No;Public;Osman, Univ. Minnesota, Univ. Minnesota;NS;No;;;;;;;
Sorinas, Jennifer;Spain;4;4;0;0;100;86,96;0;International Journal of Neural Systems;;6,507;1850044;29;02;2019;Identifying Suitable Brain Regions and Trial Size Segmentation for Positive/Negative Emotion Recognition;Identification émotions;Emo;Watch emotional videos;Features selection;NS;NS;Neuroscan Synamps (Neuroscan Products, Compumedics, USA) 64;SynAmps (Neuroscan);50;1000;24;No;10-fold (1000 permuts);AvgRef;ICA;Combination;NS;NS;NS;NS;No;No;NS;Matlab;Intra/All;NS;NS;Accuracy;NS;NS;Reimplemented;LDA, QDA, non LDA;No;Private;0;NS;No;;;;;;;
Sousa, Teresa;Portugal;6;2;3;1;33,33333333;87,64;0;Journal of Neural Engineering;;4,551;046026;14;4;2017;Pure visual imagery as a potential approach to achieve three classes of control for implementation of BCI in non-motor disorders;Imagerie motrice;BCI;Static dot, vertical dot, multidirectional dot;Data insights;NS;NS;Acticap (Brain Products Package);ActiCap( Brain Products);58;1000;12;No;LOO;Highpass 01, Lowpass 70, Notch 50, AvgRef, baseline;ICA;Frequency;NS;NS;NS;Sigmoid;Yes;Yes;Yes;Libsvm;Intra;Yes;Yes;Accuracy, Sensivity, Specificity;NS;2 tailed binomial test;No;NS;No;Private;0;NS;No;;;;;;;
Spüler, Martin;Germany;3;1;2;0;33,33333333;-;1;Journal of NeuroEngineering and Rehabilitation;;3,582;110;15;1;2018;On the design of EEG-based movement decoders for completely paralyzed stroke patients;Imagerie motrice;BCI;RS;Data insights;NS;NS;Acticap (Brain Products GmbH, Munich, Germany);ActiCap( Brain Products);16;500;37;No;NS;AvgRef, Highpass 1, Lowpass 40;NS;Frequency;NS;NS;NS;Linear;No;No;C=1;Libsvm;Intra;NS;NS;TPOFP;NS;ANOVA;No;NS;No;Available;0;NS;No;;;;;;;
Stern, Yaki;Israël;3;3;0;0;100;95;6;Frontiers in Computational Neuroscience;;2,323;;10;;2016;Brain Network Activation Analysis Utilizing Spatiotemporal Features for Event Related Potentials Classification;ERP auditifs;Cognitif;Oddball auditory ERP;Features selection;600;NS;HydroCel EGI 128, ActiveTwo Biosemi 64;ActiveTwo (Biosemi);128, 64;250, 256;110;No;NS;NS;Threshold, ICA;Other;NS;NS;NS;Linear;No;No;C=log(-3,5);Scikit-learn Python;All;NS;NS;AUC;NS;NS;No;NS;No;Private;0;NS;Yes;;;;;;;
Strauss, Daniel J;Germany;3;1;2;0;33,33333333;-;47;IEEE transactions on bio-medical engineering;;4,491;1147-55;51;7;2004;Objective detection of the central auditory processing disorder: a new machine learning approach.;Diagnostic central auditory processing disorder (CAPD);Diagnostic;Auditory evoked potential;Features selection;4000;NS;NS;NS;2;20000;60;No;NS;NS;NS;Temporal;NS;NS;NS;RBF;No;No;NS;NS;Inter;Yes;L1 Norm;Specificity, Sensivity, Accuracy;NS;NS;Other papers;NS;No;Private;0;NS;No;;;;;;;
Sweeti;India;5;2;0;3;40;-;6;Journal of Healthcare Engineering;;1,295;1-10;2018;;2018;Classification of Targets and Distractors Present in Visual Hemifields Using Time-Frequency Domain EEG Features;Niveau de charge mentale;Cognitif;Targets & distractors;Features selection;90;NS;NS;NS;31;512;13;No;k-fold;Highpass 01, Lowpass 45;BSS;Frequency;ANOVA;NS;SMO SVM;RBF;No;No;NS;NS;All;Yes;z-score;ROC, FPR, TPR;NS;NS;Reimplemented;ANN, KNN;No;Public;Tounsend (link);NS;Yes;;;;;;;
Tacke;Germany;6;2;3;1;33,33333333;93,5;0;PloS one;;2,776;e0238249;15;8;2020;Machine learning for a combined electroencephalographic anesthesia index to detect awareness under anesthesia.;Monitoring anesthésie;Diagnostic;;;;;;;;;;;;;;;;;;NS;Yes;Gridsearch;NS;;;NS;NS;Accuracy;LOO;;;;;Private;0;NS;No;;;;;;;
Tafreshi, Taban Fami;Iran;3;1;2;0;33,33333333;80,15;27;Cognitive Neurodynamics;;2,42;555-566;13;6;2019;Functional and effective connectivity based features of EEG signals for object recognition;Reconnaissance d'objets;Cognitif;Color images (12 categories);Features selection;NS;6270;NS;NS;19;500;10;No;5-fold;Highpass 01, Lowpass 50;ICA;Other;t test, ANOVA;NS;NS;RBF;Yes;Gridsearch;Yes;Matlab;Intra;Yes;Yes;NS;NS;NS;No;NS;No;Private;0;NS;No;;;;;;;
Taran, Sachin;India;2;2;0;0;100;90,63;17;Computer Methods and Programs in Biomedicine;;3,424;157-165;173;;2019;Emotion recognition from single-channel EEG signals using a two-stage correlation and instantaneous frequency-based filtering method;Identification émotions;Emo;Watch music videos;Improve classification;NS;NS;24-channels EEG traveler;EEG traveler;10;256;20;No;10-fold;Highpass 05, Lowpass 60;Correlation;Frequency;NS;NS;LS SVM;RBF, polynomial, Mexican hat, Morlet wavelets;No;No;NS;NS;All;NS;NS;Accuracy, F1, kappa statistics;NS;NS;No;NS;No;Private;0;NS;No;;;;;;;
Tavakolan, Mojgan;Canada;4;4;0;0;100;74,2;6;PloS one;;2,776;e0174161;12;3;2017;Classifying three imaginary states of the same upper extremity using time-domain features.;Imagerie motrice;BCI;NS;Features selection;NS;NS;32 channel EGI Geodesic Sensor Net;HCGSN (EGI);32;250;12;No;10-fold (10 permuts);Highpass 6, Lowpass 35;NS;Temporal;NS;NS;NS;RBF;Yes;Gridsearch;Yes;NS;Intra;NS;NS;Accuracy;NS;ANOVA + Tukey posthoc;No;NS;No;Private;0;NS;No;;;;;;;
Tekin Erguzel, Turker;Turkey;3;1;2;0;33,33333333;80,19;18;Computers in Biology and Medicine;;2,286;127-137;64;;2015;A wrapper-based approach for feature selection and classification of major depressive disorder–bipolar disorders;Diagnostic différentiel dépression unipolaire/bipolaire;Diagnostic;RSCE;Features selection;NS;NS;Electrodecap (Compumedics, Neuroscan);(Neuroscan);19;250;101;No;6-fold out, 5-fold in;Highpass 015, Lowpass 30;Visual expert;Frequency;Particle swarm;NS;IACO SVM;RBF;No;No;C=10, sigma=0,2;NS;Inter;Yes;z-score;Accuracy;NS;Nested CV;Reimplemented;GA, gravitational search algorithm (GSA), GACO (Ant colonies optimization);No;Private;0;NS;No;;;;;;;
Thammasan, Nattapong;Japan;4;4;0;0;100;87,8;3;Brain Informatics;;1,067;39-50;4;1;2017;Familiarity effects in EEG-based emotion recognition;Identification émotions;Emo;Watch video;Features selection;NS;NS;Waveguard Cap;Waveguard Cap (ANT software);12;250, 128;15, 32;No;10-fold;Highpass 4, Lowpass 45, Notch 60;ICA;Frequency;NS;NS;NS;Pearson VII;No;No;NS;NS;Intra;NS;NS;Accuracy;NS;ANOVA + Tukey posthoc;Other papers;NS;No;Public and private;DEAP;NS;No;;;;;;;
Tian, Yin;China;5;2;0;3;40;-;8;Frontiers in Computational Neuroscience;;2,323;;12;;2018;Classification for Single-Trial N170 During Responding to Facial Picture With Emotion;Niveau de charge mentale;Cognitif;Watch faces pictures;Features selection;480;NS;64 channel Neuroscan Quick-Cap;QuickCap (NeuroScan);5;250;20;No;10-fold;REST, Highpass 05, Lowpass 45, baseline;Threshold + BSS;NS;NS;NS;NS;RBF;No;No;NS;NS;All;Yes;Norm(0,1);Accuracy, Sensitivity, Specificity, AUC, Kappa, computational time;NS;t test;Reimplemented;L1LR, LDA;No;Private;0;NS;No;;;;;;;
Tian, Yin;China;4;0;0;4;0;84,3;6;IEEE Transactions on Neural Systems and Rehabilitation Engineering;;3,478;1985-1993;27;10;2019;A Fusion Feature for Enhancing the Performance of Classification in Working Memory Load With Single-Trial Detection;Niveau de charge mentale;Cognitif;Memory load;Features selection;240;NS;64 channel Neuroscan Quick-Cap;QuickCap (NeuroScan);23;1000;20;No;LOO;REST, Highpass 05, Lowpass 45;BSS + Threshold;Other;NS;NS;NS;RBF;No;No;NS;NS;Intra;NS;NS;MacroAvgMeasure, MicroAvgMeasure, Error, Kappa;NS;NS;No;NS;No;Private;0;NS;No;;;;;;;
Tian, Yin;China;3;0;0;3;0;89,7;0;Scientific Reports;;4,122;6070;8;1;2018;Cortical Classification with Rhythm Entropy for Error Processing in Cocktail Party Environment Based on Scalp EEG Recording;Identification erreurs;Cognitif;Read sentences;Features selection;0;NS;64 channel Neuroscan Quick-Cap;QuickCap (NeuroScan);64;1000;20;No;LOO;Highpass 01, Lowpass 30, REST;Threshold;Other;NS;NS;NS;RBF;Yes;Gridsearch;NS;NS;All;NS;NS;Accuracy, Sensitivity, Specificity, AUC;NS;NS;No;NS;No;Private;0;NS;No;;;;;;;
Torabi, Ali;Iran;3;0;0;3;0;93,08;34;Australasian Physical & Engineering Sciences in Medicine;;1,006;785-797;40;4;2017;Diagnosis of multiple sclerosis from EEG signals using nonlinear methods;Diagnostic sclérose multiple;Diagnostic;Attention task;Improve classification;NS;NS;Emotiv EPOC 1.0;EPOC (Emotiv);14;128;12;No;10-fold;Highpass 05, Lowpass 45, baseline;Threshold;Other;t-test + Bhattacharyya criteria;NS;NS;Linear;Yes;Yes (NS);Yes;Libsvm;Inter;NS;NS;Sensitivity, Specificity, Accuracy, Precision;NS;Nested CV;Reimplemented;KNN;No;Private;0;NS;No;;;;;;;
Trambaiolli, L.R.;Brazil;5;2;1;2;40;91,18;2;Clinical Neurophysiology;;3,614;2058-2067;128;10;2017;Feature selection before EEG classification supports the diagnosis of Alzheimer’s disease;Diagnostic Alzheimer;Diagnostic;NS;Features selection;40;345;Braintech 3.0 (EMSA Medical Equipments);Braintech 3.0 (EMSA Medical Equipments);19;200;34;No;2-fold (100 permuts);Notch 60;Visual expert;Frequency;8 different algorithms;NS;NS;Linear;No;No;C=1;Libsvm;Inter;NS;NS;Accuracy;NS;t test, Wilcoxon, Bonferroni;No;NS;No;Private;0;NS;Yes;;;;;;;
Valentin;United Kingdom;3;0;2;1;0;multiclass;1;PLoS computational biology;;4,428;e1007148;16;1;2020;Interpreting neural decoding models using grouped model reliance.;Mémoire de travail;Cognitif;;;;;;;;;;;;;;;;;;RBF;No;No;C=1;;;Yes;Yes;Accuracy;10-fold;;;;;Private;0;Github;No;;;;;;;
Vandenbosch, Marjolein M. L. J. Z.;Netherlands;5;0;5;0;0;-;0;Human Brain Mapping;;4,554;1919-1926;40;6;2019;EEG?based age?prediction models as stable and heritable indicators of brain maturational level in children and adolescents;Identification âge enfants;Cognitif;RSCE;Data insights;NS;NS;14 channels Nihonkohden PV-441A, SynAmps 2 30 channels;(Nihon Kohden);12;250;836, 621;No;6-fold (12 permuts);Highpass 1, Lowpass 30;Visual expert, ICA;Frequency;NS;NS;NS;NS;No;No;NS;NS;Inter;Yes;Yes;Accuracy, Sensitivity, Specificity, AUC;TVT;X²;Reimplemented;RF;No;Private;0;NS;No;;;;;;;
Varsehi;Iran;2;2;0;0;100;93,03;32;Neural Networks;;7,197;193--206;133;;2020;An EEG channel selection method for motor imagery based brain-computer interface and neurofeedback using Granger causality.;;BCI;;;;;;;;;;;;;;;;;;Linear, RBF;No;No;NS;;;NS;NS;Accuracy, sensitivity, specificity;10-fold tvt;;;;;Public;0;NS;No;;;;;;;
Vecchio;Italy;7;0;7;0;0;95;14;Journal of Alzheimer's disease ;;3,909;1253--1261;75;4;2020;Classification of Alzheimer's Disease with Respect to Physiological Aging with Innovative EEG Biomarkers in a Machine Learning Implementation.;;Diagnostic;;;;;;;;;;;;;;;;;;RBF;Yes;Maximum likelihood;NS;;;Yes;z-score;Accuracy, sensitivity, specificity, AUC;5-fold, permutations;;;;;Private;0;NS;No;;;;;;;
Wang;China;7;7;0;0;100;93,134;23;The Review of scientific instruments;;1,587;34106;91;3;2020;Motor imagery classification using geodesic filtering common spatial pattern and filter-bank feature weighted support vector machine.;;BCI;;;;;;;;;;;;;;;;;;RBF;No;No;NS;;;NS;NS;Accuracy;10-fold;;;;;Public;0;NS;No;;;;;;;
Wang, Ruofan;China;6;6;0;0;100;91,4;7;Cognitive Neurodynamics;;2,42;291-304;9;3;2015;Power spectral density and coherence analysis of Alzheimer’s EEG;Diagnostic Alzheimer;Diagnostic;RSCE;Data insights;NS;NS;NS;NS;16;1024;28;No;NS;NS;Visual expert;Frequency;NS;NS;NS;NS;No;No;NS;NS;Inter;NS;NS;Accuracy;NS;NS;No;NS;No;Private;0;NS;No;;;;;;;
Wang, YiYan;China;3;1;1;1;33,33333333;multiclass 35,5;1;Frontiers in Neuroscience;;3,648;;12;;2018;Decoding English Alphabet Letters Using EEG Phase Information;Reconnaissance alphabet;Cognitif;Letters;Data insights;450;NS;64 ActiCHamp Brain Productrs;ActiCap( Brain Products);17;500;14;No;30-fold;Baseline, Highpass 05, Lowpass 220;Visual expert, ICA;Frequency;NS;NS;NS;RBF;Yes;Gradient ascent (sigma only);NS;Libsvm with Matlab;Intra;NS;NS;Accuracy;NS;Permutation test;No;NS;No;Private;0;NS;Yes;;;;;;;
Wang, Yu-Kai;Taïwan;3;0;1;2;0;86,2;0;IEEE Transactions on Neural Systems and Rehabilitation Engineering;;3,478;1085-1094;23;6;2015;EEG-Based Attention Tracking During Distracted Driving;Détection attention conduite;Cognitif;Driving task, maths;Data insights;NS;NS;32 Neuroscan;(NeuroScan);32;250;10;No;5-fold;Highpass 05, Lowpass 50;ICA;Frequency;swLDA;NS;NS;RBF;No;No;NS;Libsvm with Matlab;Intra;NS;NS;AUC, Accuracy;NS;Wilcoxon + Tukey;Reimplemented;KNN, LDA, NMSC, MLP, P, Parzen;No;Private;0;NS;No;;;;;;;
Wei, Wei;China;4;4;0;0;100;74;19;Computational Intelligence and Neuroscience;;2,154;1-9;2018;;2018;Emotion Recognition Based on Weighted Fusion Strategy of Multichannel Physiological Signals;Identification émotions;Emo;Affective stimuli;Data insights;NS;NS;NS;NS;12;NS;27;No;NS;NS;NS;NS;NS;NS;NS;RBF;Yes;Gridsearch;NS;Libsvm with Matlab;Intra;NS;NS;Accuracy;NS;NS;No;NS;No;Public;MAHNOB-HCI;NS;No;;;;;;;
Wittevrongel, Benjamin;Belgium;2;0;2;0;0;-;12;International Journal of Neural Systems;;6,507;1650014;26;03;2016;Faster P300 Classifier Training Using Spatiotemporal Beamforming;Identification P300;Cognitif;P300 speller;Features selection;1860, 540;56;ActiveTwo Biosemi;ActiveTwo (Biosemi);32;64;21;No;10-fold;Baseline, Highpass 05, Lowpass 15;NS;Other;NS;NS;NS;Linear;Yes;Linesearch;NS;NS;Intra;NS;NS;Accuracy;NS;NS;No;NS;No;Private;0;NS;No;;;;;;;
Xu;China;5;5;0;0;100;78,5074;11;Sensors;;3,031;3496;20;12;2020;Recognition of EEG Signal Motor Imagery Intention Based on Deep Multi-View Feature Learning.;;BCI;;;;;;;;;;;;;;;;;;RBF;No;No;NS;;;NS;NS;Accuracy, kappa;10-fold;;;;;Public;0;NS;No;;;;;;;
Yan, Fuwu;China;5;5;0;0;100;80;5;Frontiers in Psychology;;2,129;;10;;2019;Driving Style Recognition Based on Electroencephalography Data From a Simulated Driving Experiment;Détection conduite dangereuse;Cognitif;Driving task;Data insights;NS;NS;16 channels Biopac MP150 system (Biopac, Goleta, USA);(Biopac);16;512;23;No;LOSO;05-30, Baseline, AvgRef;ICA, ADJUST;Frequency;PCA;NS;NS;Linear;No;No;NS;Matlab 2016a;Intra;Yes;Z-score;Accuracy, F1;NS;NS;NS;NS;No;Public;0;NS;No;;;;;;;
Yang, Taeyang;South Korea;2;0;0;2;0;73,39;0;Frontiers in Neuroscience;;3,648;;13;;2019;Group-Level Neural Responses to Service-to-Service Brand Extension;Adéquation stimulus publicitaire/population visée;;Brand evaluation;Data insights;NS;NS;31 ActiChamp Brain Products GmbH;ActiCap( Brain Products);7;500;19;No;LOSO;05-50;ICA;Raw;NS;NS;NS;Linear;No;No;NS;NS;All;NS;NS;Accuracy;NS;NS;NS;NS;No;Available;0;NS;Yes;;;;;;;
Yi, Weibo;China;8;0;0;8;0;74;8;Journal of NeuroEngineering and Rehabilitation;;3,582;11;13;1;2016;EEG oscillatory patterns and classification of sequential compound limb motor imagery;Imagerie motrice;BCI;LH/RH/F, imagine playing drums;Improve BCI training;200;NS;64 channels SynAmps2 (Neuroscan);SynAmps2 (Neuroscan);62;200;12;No;10-fold;N50, Baseline, 8-30;NS;Frequency;RFE;NS;RFE SVM;NS;No;No;NS;Libsvm;Intra;NS;NS;Accuracy;NS;t-test;NS;NS;No;Private;0;NS;No;;;;;;;
Yin, Zhong;China;5;5;0;0;100;78;26;Frontiers in Neurorobotics;;3;;11;;2017;Cross-Subject EEG Feature Selection for Emotion Recognition Using Transfer Recursive Feature Elimination;Identification émotions;Emo;Watch video;Features selection;40;NS;NS;NS;32;128;32;No;NS;04-45;ICA;NS;Transfer-RFE;NS;LS SVM;Linear;No;No;NS;Matlab 2011b;Intra;NS;NS;Accuracy, F1;NS;NS;NS;NS;No;Public;DEAP;NS;No;;;;;;;
Yu, Haitao;China;4;4;0;0;100;92;11;IEEE Transactions on Neural Systems and Rehabilitation Engineering;;3,478;1973-1984;27;10;2019;Modulation Effect of Acupuncture on Functional Brain Networks and Classification of Its Manipulation With EEG Signals;Effet type acupuncture;Soin;Acupuncture, Twirling-rotating, Lifting-thrusting;Data insights;NS;NS;NS;NS;19;256;30, 30;No;6-Fold;05-30;NS;Other;NS;NS;NS;NS;No;No;NS;Classification Learner;Inter;NS;NS;Accuracy, AUC;NS;NS;Reimplemented;LR, NB, LDA, DT, BP, KNN, TSK;No;Private;0;NS;No;;;;;;;
Zare, Marzieh;Iran;3;0;2;1;0;79;6;Clinical Neurophysiology;;3,614;2695-2703;127;7;2016;Automatic classification of 6-month-old infants at familial risk for language-based learning disorder using a support vector machine;Diagnostic troubles apprentissage langage enfants;Diagnostic;Watch silent videos;Data insights;NS;NS;Geodesic Sensor Net (EGI);HCGSN (EGI);62;250;24;No;LOO;Interpolation;Visual expert;Frequency;NS;NS;NS;Linear, quadratic, MLP, polynomial;No;No;NS;Matlab 2014a;Inter;NS;NS;Accuracy, Precision, Specificity;NS;NS;NS;NS;No;Private;0;NS;No;;;;;;;
Zarei, Roozbeh;Australia;4;4;0;0;100;99,32;8;Computer Methods and Programs in Biomedicine;;3,424;47-57;146;;2017;A PCA aided cross-covariance scheme for discriminative feature extraction from EEG signals;Imagerie motrice;BCI;LH/RH/RF, LH/RH;Features selection;260, 210;NS;NS;NS;118, 118;100, 100;5;No;2-fold;NS;NS;NS;NS;NS;LS SVM;RBF;Yes;Gridsearch;NS;LS-SVMlab toolbox with Matlab 2010b;Intra;Yes;Z-score;Accuracy, Sensitivity, Specificity;NS;NS;Reimplemented;MLP, LR;No;Public;Dataset IVa BCI Competition III, Dataset IVb BCI Competition III;NS;No;;;;;;;
Zhang, Hong;China;5;5;0;0;100;73,39;0;IEEE Transactions on Neural Systems and Rehabilitation Engineering;;3,478;45-50;26;1;2018;Covert Verb Reading Contributes to Signal Classification of Motor Imagery in BCI;Imagerie motrice;BCI;RH/F;Data insights;72;NS;64 EasyCap (Brain Products);EasyCap (Brain Products);NS;500;8;No;5-fold;Highpass 8, Lowpass 13;Threshold;Other;NS;NS;NS;NS;No;No;NS;NS;Intra;NS;NS;Accuracy;NS;NS;No;NS;No;Private;0;NS;No;;;;;;;
Zhang, Xiaoliang;China;11;11;0;0;100;90,7;11;Sensors;;3,031;486;17;3;2017;Design of a Fatigue Detection System for High-Speed Trains Based on Driver Vigilance Using a Wireless Wearable EEG;Détection somnolence conduite;Cognitif;Driving;Improve BCI training;NS;NS;64 BrainCap (Brain Products), Homemade;BrainCap (Brain Products);8;NS;10;No;3-fold;NS;Wavelet;Frequency;NS;NS;NS;RBF;Yes;Gridsearch;Yes;Libsvm 3.20;Intra;Yes;Yes;Accuracy, Sensitivity, FP;NS;NS;No;NS;No;Private;0;NS;Yes;;;;;;;
Zhdanov;Canada;26;3;20;3;11,53846154;82,4;0;JAMA network open;;5,032;e1918377;3;1;2020;Use of Machine Learning for Predicting Escitalopram Treatment Outcome From Electroencephalography Recordings in Adult Patients With Depression.;;Pronostic;;;;;;;;;;;;;;;;;;RBF;No;No;NS;;;NS;NS;Accuracy, sensitivity, specificity;LOSO, 10-fold;;;;;Private;0;NS;Yes;;;;;;;
Zheng;China;3;3;0;0;100;85,7;23;Medical & Biological Engineering & Computing;;1,82;1515--1528;58;7;2020;EEG classification across sessions and across subjects through transfer learning in motor imagery-based brain-machine interface system.;;BCI;;;;;;;;;;;;;;;;;;NS;No;No;NS;;;NS;NS;Accuracy;sliding blocks;;;;;Private;0;NS;No;;;;;;;